,F1,F2,F3,F4,F5,F6,F7,F8,F9,F10,F11,F12,F13,F14,F15
nsites,0.36377460651535076,-0.04651454337320008,0.12620605416917696,-0.024297658398146404,-0.24331039998901038,0.08010593759801597,0.08125817584194046,-0.15434749243236331,-0.036151856622150765,-0.03694665124359295,0.12116204226358553,-0.1419032023353746,-0.18520309144239072,0.21151597804449693,-0.029398928138539476
nelements,0.5118409339219322,0.10475420166643556,0.23144288124503315,0.07109978474764124,0.02606205002691323,0.08342531229017099,0.2579432074090076,-0.20784174729572893,0.12221069670380572,-0.022614905614543164,0.2012103872232068,-0.02918872040150783,-0.2530174540700595,0.3610542860800496,0.0885245780205861
volume,0.22527068017494797,-0.018179184259206425,0.07911447311751302,-0.028588569117581866,-0.2516971974547957,0.0760906151293887,0.0010771726342766938,0.006567404115271628,-0.1319822528011357,-0.023018220120214074,0.04506659966698762,-0.000895320973545498,-0.2284733755619653,0.31591062272884335,0.09724956060571757
density,-0.3491364769187719,0.42632161634650517,-0.12544078197610736,0.12692878973081456,0.01027206510842804,-0.2079459535724253,-0.007473538267141093,0.43768431537412955,0.14125849571055882,0.184323023758835,0.08438539246782946,-0.0046754770656263905,0.313832020952784,-0.23897862364884584,-0.05267769141315572
density_atomic,-0.20273622789030019,0.011814092109596108,-0.00496413183576957,0.003340747271163414,-0.02290208393870262,-0.00788156910126991,-0.03701541106547338,0.116217641074379,-0.13424621328417613,-0.027997996770691563,-0.14238009314215544,0.13218849707132033,-0.0517791406575358,0.43157081001219033,0.07954608931705621
uncorrected_energy_per_atom,-0.28864053231800113,-0.08456308797875595,0.03572881050064125,-0.4741279097866996,-0.004902782065460237,0.09945821617086979,0.04172738774791819,0.072159985187741,-0.2006144711403897,-0.15006854526954688,-0.1907186547138569,0.40399128737440326,-0.31993567214363683,-0.07864944786964277,0.09643478414382294
energy_per_atom,-0.39058184899369297,-0.07501331172859506,0.032460183078568544,-0.4722153271744991,-0.03474965508097652,0.12172551319602391,0.041492645082911526,0.09448530620665556,-0.22821169375056322,-0.12154548278675337,-0.1584334954300711,0.3867126091730458,-0.3081998251861189,-0.06766639882587754,0.10886179858924347
formation_energy_per_atom,-0.745217531578985,-0.012470388810332758,-0.1989514974882617,-0.07983086019489838,-0.22817558369471444,0.19576907724151504,0.0428150878439209,0.1504648063309098,0.03177692806966714,-0.07183199297058936,0.004709799322206975,0.1721035519717028,-0.06700961070701981,0.1552358936310339,-0.08645349518454379
band_gap,0.42226634854816536,-0.04504192864092528,0.08757838459363147,-0.149771058938964,-0.01733492380012542,0.2079497259781145,0.032837159961054616,-0.0909002376738548,-0.15722389829654446,-0.07037390871573067,-0.015101771023777206,-0.1982314125476165,-0.03432139503299454,0.0867025731314121,0.10080994515767268
total_magnetization,0.17068070180314718,-0.11439985561076273,0.04935756715271952,0.06790579782602846,0.03957491965777095,-0.0795949302475643,-0.047295402271018576,-0.046900992678331234,0.42571299304675037,0.057019442518346834,-0.06645620928847262,-0.02019870687013621,0.04913580285287711,0.008498772459671834,-0.11406516837648716
total_magnetization_normalized_vol,0.0952699559949745,-0.12876206844586646,0.014274334102444405,0.10120867118775499,0.1260186008711752,-0.10721740703023974,-0.05767637289478063,-0.03443930992789832,0.5352049837167078,0.09623780620269289,-0.09307139597942368,-0.017315883441654373,0.12219630560163607,-0.07244784365108217,-0.16744760693074542
total_magnetization_normalized_formula_units,0.1335019521035177,-0.10380754693740184,0.05006106941395799,0.0797357188561161,0.07139483252294229,-0.10358196448003558,-0.039917278736028024,-0.05432234027490647,0.4621175988839118,0.052430853516116205,-0.07119471070659794,-0.009408160058365235,0.023337733897082207,0.0062882494181718965,-0.11576703743176527
mean_EffectiveCoordination,-0.371043278639704,0.14981725251877448,0.12061035264589617,0.07912125362863814,-0.3915875164602818,-0.12756603258159085,-0.05021830885657776,0.1808265685164329,0.029827179016506833,0.13830846377765654,-0.024172950861541722,0.029704241218603777,0.12191382911118244,-0.5094821217385224,0.16444556641035452
var_EffectiveCoordination,0.5404039312901582,0.00574757832448181,0.060813766134274014,0.09693663441032957,-0.34890664968900986,0.16410032782382825,-0.03763638331479597,-0.04914296898940343,0.07009818250789547,0.015461207286593594,0.23426960254439871,-0.024763162707594887,0.18805082448770016,-0.055720539692909174,0.19205960912889686
min_EffectiveCoordination,-0.7448021684655267,0.06671385355657862,0.027276966791941623,0.00970229854265336,-0.08008858362421215,-0.18046999028892216,-0.028020418056185593,0.19730215302794443,0.01907722843174761,0.11420460234596945,-0.08810195284704869,0.05516489002436276,0.04610478701625654,-0.3573461955536921,-0.03917768564868749
max_EffectiveCoordination,-0.09506182214267071,0.10044571834391114,0.11999743930395755,0.059606744922058044,-0.49443862292905827,0.03926434098359339,-0.008517594109821848,0.05198636968480656,0.12165091686735338,0.12635299513617013,0.21131031744907813,-0.02508936472188644,0.10730245817241757,-0.32011965635286305,0.2437504290308916
var_MeanBondLength,0.6545828719147294,-0.06089400057389433,0.005892058547186866,0.04024860664648125,-0.34145214109890765,0.2960414861230055,0.03117357000233252,-0.09105989823256136,-0.0039090806961958185,-0.0745828564871635,0.1582925805424082,-0.11089648974776821,0.015895557227858126,0.1815021693981854,0.14306827182670007
min_MeanBondLength,-0.7058572593590847,-0.004633700600612718,-0.0734456205068877,0.003886586328927195,0.31151333776782286,-0.23471020992462777,-0.07373538903661339,0.1467776626762834,0.03354195597562993,0.07065769604489422,-0.0754705873854949,0.11806900343633225,0.06300042456521643,-0.16088714955888322,-0.16672524808231817
max_MeanBondLength,0.4511267681201501,-0.022004496764654536,0.011123210221303798,-0.004509765242847669,-0.27779651572689473,0.28530243657020044,0.0994363589299974,-0.12708743161583086,0.053104645183797795,-0.04679728623954632,0.23709322211688372,-0.1387194574425203,-0.07452710693659877,0.2518055697655055,0.21188994144490525
mean_BondLengthVariation,0.2209863094638731,-0.05863378751312935,-0.12104226916118724,-0.01390554067518249,-0.1383293024891063,0.30249952874725194,0.07293071489587681,-0.09565199693093143,-0.06968627769006717,-0.12108698822710678,-0.015513543144168971,0.02400348446171551,0.029220671587940308,0.6484184021702241,-0.03965053637767362
var_BondLengthVariation,0.636659046074931,-0.06741851050447509,-0.005313969037532206,0.024108687443760105,-0.14503004833633212,0.2811611859426422,0.03436429164239935,-0.09229289666577879,0.04191654218357782,-0.07332282739915848,0.12064754122227343,-0.08838738497361605,0.014191782256803643,0.19692866414805277,0.09754196843841953
min_BondLengthVariation,-0.2044914248796459,-0.019010081981564047,-0.14939410016970256,-0.00018484939946963972,0.002462765350933877,0.10678695776547109,0.027231298109852763,0.01850835727810069,-0.1085722129678153,-0.08751999490657021,-0.10905597643883563,0.1079456248510021,0.06404436061977929,0.5709092801447084,-0.05798022189418917
max_BondLengthVariation,0.3793994570424723,-0.059156558062998715,-0.08283082473738267,-0.016571059813124643,-0.163898425898713,0.371493425846919,0.09319804991199698,-0.11462950375731024,-0.04772690502636476,-0.11750336383724974,0.035367890355459,-0.029014655600261806,-0.019402928342547972,0.6089511150638202,-0.010250094878498355
var_CellVolume,0.598439248564397,-0.0276212920235721,-0.018393110577727172,0.0889597055532738,-0.32824046135015483,0.28874123796759465,0.041123643341367706,-0.04006592757048031,0.00455895860387675,-0.07266727949065512,0.1605285887381896,-0.08402541704266211,-0.01084584081397485,0.17271041608267412,0.15541974729551236
mean_WCMagnitude_Shell1,0.3882133040120382,0.0585600960891838,0.15460130922034765,0.006927498359460057,0.4410183908581334,0.0033235712488859028,0.16309921683475595,-0.21073247105437204,0.08686006018483251,-0.02635413885390599,0.16733692521151625,-0.05847430240973388,-0.27101187874047367,0.27456480126599664,-0.00021861702972076214
mean_WCMagnitude_Shell2,0.30931718353743454,0.02771110749897101,0.05903890374106876,-0.013022375947243894,0.5817934552916126,-0.04976458107057633,0.12606086348117881,-0.18977030488817925,0.07212598614646254,-0.06116641790602902,0.06398921073078516,-0.08344473294415754,-0.2801165858960316,0.267578327015482,-0.005446027482186686
mean_WCMagnitude_Shell3,0.2348179705144408,0.018643165439589274,-0.012005354044108171,-0.006080567552804477,0.5069581780234073,-0.028247636404284078,0.08782481138961433,-0.1514236623778323,0.057781623338687714,-0.054576903809401264,0.05402083963765629,-0.10560988182282448,-0.27534392850678785,0.21146225021348164,-0.009904541833952923
MaxPackingEfficiency,-0.6676909185953659,0.07745615255093306,0.0911085038516961,0.01818041543707288,0.1493137492814669,-0.30824123119327534,-0.03952913921114849,0.1748844960311135,0.07001233398038972,0.13300298758393694,-0.03782686178632697,0.04081868821231783,0.025649000646075722,-0.4493614154280588,0.004871973608308156
mean_NeighDiff_shell1_Number,-0.10280417413895244,0.7370606226556057,-0.09237168743175195,0.046507144618880794,0.24654068892915323,-0.02904420146764833,-0.10500596172167036,-0.049106974801779495,-0.05977707526275214,0.16194200497136138,0.05402829343423857,0.1480332441424112,0.423105049951958,-0.007458553001593016,0.16918215906663261
var_NeighDiff_shell1_Number,0.14969659197401017,0.8088181735382359,-0.030886693284641772,0.11059527620280304,-0.08607279385111298,-0.025332349097770938,-0.08856157199683107,-0.15232186380893367,-0.043802863821602936,0.1302190817155037,-0.045334677143811786,0.06106450324658439,0.027794541090106373,-0.16906779211430215,0.119577252325377
min_NeighDiff_shell1_Number,-0.24201008493574647,0.47732917754199006,-0.09785408168717911,0.014510686875584999,0.28945012847225926,-0.027406144339685194,-0.09363917083605698,0.03492491978968971,-0.0665893982332485,0.14373072646710405,0.04945737913047016,0.1421721083758566,0.5508220693556088,0.03237418081159083,0.12861325498937187
max_NeighDiff_shell1_Number,0.13915694882063673,0.8898076113657996,-0.022207025774497284,0.07458775899998282,-0.006098524714331345,-0.018669575197160653,-0.05186100803795029,-0.22539372608792033,-0.05565144471413157,0.15470282153655265,0.01864763231057311,0.0377429920918294,0.011297131849886718,-0.03571528918730148,0.1811459767448356
range_NeighDiff_shell1_Number,0.27630277837971284,0.7645008219936392,0.023460157972798896,0.07670676378708642,-0.15013327164919407,-0.007432100600055704,-0.0119782115340488,-0.2707892996249565,-0.029630643590902308,0.10285041969320048,-0.003507666038312239,-0.02792362086629569,-0.25994411941076084,-0.05619405260323586,0.14007418167259605
mean_NeighDiff_shell1_MendeleevNumber,0.10726353984428175,-0.027848643603273986,0.4599695984343725,0.09414333410470037,0.6465759761668891,-0.10846744399618116,0.15442235261325196,0.013213908430950768,-0.01929418225085857,0.1436376839000103,-0.018112404126074642,0.05562792022398065,0.07352240894758169,-0.07713106358293066,0.3187812165025801
var_NeighDiff_shell1_MendeleevNumber,0.4631446537838907,-0.007486316059529113,0.5516682415286449,0.07646284653735079,0.0443765752513625,-0.10314899243815866,0.15307128666520783,-0.049471688054820946,-0.047361326138850794,0.10093585967098051,-0.02345061827438412,0.032117581888449494,-0.05760606808699086,-0.10985749264201977,0.3151046628863909
min_NeighDiff_shell1_MendeleevNumber,-0.16361459142811716,-0.023205790705450157,0.22360134072181664,0.13883678000175795,0.6948768692298298,-0.03129214837038992,0.04691290809816808,0.09488422163438764,-0.01959291113151019,0.16451017102337578,-0.054523896883134956,0.049563741257526696,0.1851644749880368,-0.13112233214170982,0.21035881552301763
max_NeighDiff_shell1_MendeleevNumber,0.43520785942318857,-0.01713635909696096,0.5978733469842612,0.0627648784032516,0.23609426234350775,-0.12618824298131437,0.20570669673467687,-0.12197203472356385,-0.024142853969414478,0.11593171626765902,0.00923516048802469,-0.027650963188304303,-0.0940200492130426,-0.010823664585999303,0.35654955277407385
range_NeighDiff_shell1_MendeleevNumber,0.544913107896326,-0.0064175787864686005,0.5211559866747981,-0.00380458730829083,-0.10187597307502542,-0.11806189223151627,0.19453820746893316,-0.17758737469269187,-0.015686725250919447,0.03960353488849591,0.03745823660759778,-0.05448853889330332,-0.19371247094693184,0.05502117458249177,0.2717357059031548
mean_NeighDiff_shell1_AtomicWeight,-0.13044727496788994,0.7429210301265087,-0.09303679825417091,0.04603602729896847,0.22605839003631584,-0.030659448075412245,-0.11194260093851167,-0.005402858959163462,-0.07141927409980191,0.17291202982699083,0.05228722662138287,0.14870090116886608,0.40810276844955234,-0.004854584267496651,0.16634494156048507
var_NeighDiff_shell1_AtomicWeight,0.12453035012840086,0.8204624442068842,-0.03472157071758905,0.10879405335945802,-0.07672008478118261,-0.02982997435176031,-0.09336080431054457,-0.12717902921508825,-0.04995062554748341,0.13881324838411868,-0.044010814624650445,0.06268406041521031,0.014432642957333331,-0.1611500841798762,0.12420321714336838
min_NeighDiff_shell1_AtomicWeight,-0.27014475176870817,0.4748218141439023,-0.09663511150354029,0.012937762322259839,0.2604484406162438,-0.024275382843035594,-0.09780492972919368,0.07950613839322915,-0.07773346040336926,0.15369028147537184,0.04968819835673769,0.14244705997007112,0.5409290320138445,0.03815849293026015,0.12083176920953724
max_NeighDiff_shell1_AtomicWeight,0.10905266864118275,0.8970632581678828,-0.027626871696189416,0.07636965370340085,-0.011913655679273437,-0.02260546918832915,-0.0598559689712959,-0.18682340073102296,-0.06280419022747163,0.16550298086936172,0.017185959296835276,0.042907090480782464,0.0009963007449935999,-0.03566283772529145,0.18392050325808548
range_NeighDiff_shell1_AtomicWeight,0.25353136581351177,0.7789738428552901,0.015740446479526438,0.07963150085736002,-0.13957385519770613,-0.01366606312629703,-0.019943527785133044,-0.2486520400805698,-0.032983205466328776,0.1116998047081243,-0.004740875915857189,-0.020747024336572904,-0.26093109815339943,-0.05859868384983566,0.1483337158955521
mean_NeighDiff_shell1_MeltingT,0.2180038373940624,0.1527340948640525,-0.09681977787996765,0.4885255409792444,0.3727907941865162,0.05658069502520735,0.021641973930978657,-0.027743821887744217,0.13915631194983813,-0.14180989435588737,0.18402101450807568,-0.2630133447247117,0.13646230253014793,-0.007063757924813806,-0.1353819444913624
var_NeighDiff_shell1_MeltingT,0.4275047810847335,0.1540290565796489,0.0233733469816175,0.4494569378361259,-0.048992592583208434,0.1896643199941318,0.14976436771542045,-0.027584008138559137,0.06777070600778407,-0.17228211909974508,0.0697850691595082,-0.2749283758587255,-0.06459312614213969,-0.09070748694299169,-0.14086029855098348
min_NeighDiff_shell1_MeltingT,-0.014287209274103558,0.11501582867216095,-0.14977806062521976,0.34354461901856626,0.44276915636219033,-0.047122881696305456,-0.12448335927073872,0.008826547534299312,0.09497612141861297,-0.05657154421466331,0.1226778912668878,-0.14383853219113393,0.3122049655393604,-0.0467624824422274,-0.07145650474216104
max_NeighDiff_shell1_MeltingT,0.4592433014269536,0.2067928582705677,0.045572299301515566,0.4534446673539728,0.06183078943836515,0.14986387712908777,0.15607288308666342,-0.11320743642510699,0.06931350869021943,-0.1753119214997,0.11029648374059726,-0.33685911239207755,-0.11403122388057696,-0.0009593316347322455,-0.11326163384366679
range_NeighDiff_shell1_MeltingT,0.488871036631731,0.1761780810107644,0.10220809132037853,0.35325427491186184,-0.09512695288930216,0.17489989636390282,0.20943847572789914,-0.12243082139793732,0.03863025976115046,-0.1641732585487805,0.0717697211890373,-0.30273921429712264,-0.23309959456812845,0.015914226899811323,-0.09343122814866824
mean_NeighDiff_shell1_Column,0.19591100242172765,-0.031572401598125285,0.42063814052269183,0.0894691280567541,0.7544298811245757,0.07747183454354484,0.16491368518992636,-0.0415105021168124,-0.0067120102689703755,0.07252654801556475,0.07733934446127164,-0.022479743141481125,0.005739141566586296,-0.06706081889345791,0.1465788432191958
var_NeighDiff_shell1_Column,0.5944878313257144,0.007467618557122212,0.5187171555733362,0.10149082920675967,-0.12476642269895977,0.07579602734211478,0.09781275473417632,-0.0373550495751177,-0.07537460469914871,0.02856558506509961,0.08316648118794548,0.03719694389688143,-0.027651747168084155,-0.162944307097021,0.1350887213614239
min_NeighDiff_shell1_Column,-0.10459592201321652,-0.010329996748421168,0.17335954547406646,0.15106895070384738,0.7868933373758028,0.028883621481434692,0.062322976435697286,0.05462204763991166,0.013765665909874374,0.10091520186032754,-0.0036674611908306385,-0.011491261476626281,0.136000742796217,-0.14516714760775282,0.11269865304992781
max_NeighDiff_shell1_Column,0.5834508320879064,-0.008281213110306721,0.5951146962055923,0.07578731165111775,0.2537129200918408,0.024114288775508582,0.15948220574880875,-0.13881043176948318,-0.014310390634576094,0.029938041634297502,0.1222391038170119,0.0017544076544847935,-0.09212716345723015,-0.07192127389019862,0.16239019044438785
range_NeighDiff_shell1_Column,0.646398414853259,-0.0015893339460357773,0.4795221715055574,-0.021750003254191765,-0.2533260548018777,0.005396263333174285,0.11831917838152424,-0.172878760094616,-0.02304520745320749,-0.03506847444697827,0.12371247605483736,0.009119505515604639,-0.1787796858287143,0.021799029411253404,0.08886345392959397
mean_NeighDiff_shell1_Row,0.16776333532776033,0.5559486931417421,-0.06979169596809764,0.09731422928789302,0.3519647677669894,0.005358057485609694,-0.10129426177568712,-0.29403252470404134,-0.008971342890089417,0.14756054908296762,0.04385127852255377,0.053627881924313,0.44572808502828914,-0.04857646265711415,0.3105323306051011
var_NeighDiff_shell1_Row,0.40607329852994145,0.5476019374819688,0.054005819411558596,0.17682140096417237,-0.062366756008959745,-0.008200276580049038,-0.027016301636922185,-0.3051526723353722,0.03832659316535359,0.13211803715632364,-0.054206819053145346,-0.020288969440754725,0.10839250915913476,-0.1934106816079377,0.1234114051126676
min_NeighDiff_shell1_Row,-0.019205613016829732,0.40649854576513206,-0.13074050892546255,0.05578383152562286,0.35231336604127433,-0.001361397300289662,-0.1455777131606286,-0.1828465995391696,-0.04953031747163393,0.1233485026285484,0.028626211120194558,0.07897348596532512,0.5096252039744098,-0.050645850452540025,0.30047684588759327
max_NeighDiff_shell1_Row,0.40509161563809104,0.6445875218557148,0.03160421574421045,0.11978361916846925,0.05577065744618438,0.028522096211026925,-0.01724171114616096,-0.4432871113336196,-0.0014695808447635684,0.16081246518422546,0.02185197716134408,-0.07337629079978279,0.0903424448585652,-0.04434688542967259,0.25978512680020527
range_NeighDiff_shell1_Row,0.4784045485010219,0.4807341166276494,0.12027317824634999,0.10201425241377664,-0.1619523475581016,0.03368985873100575,0.07359620911853992,-0.39267065106048943,0.030098372139812972,0.10585610940655223,0.00676911870043971,-0.13510929225969165,-0.22314055134016642,-0.01851814495868062,0.10604583875665533
mean_NeighDiff_shell1_CovalentRadius,0.3635738259479415,0.19238734232033936,0.2145377004475766,0.09220409595483811,0.5478983344298507,-0.044510249097678284,0.00514726529923087,-0.24247829331977924,-0.0011238042517744142,0.1289473041595872,-0.007416046307754127,-0.09145772966707078,0.27688264770414056,-0.030541675504468305,0.44689034573237163
var_NeighDiff_shell1_CovalentRadius,0.5510528599968884,0.19132567803839653,0.2189056003241092,0.16979175332377036,-0.17925563742004794,0.08428943001561952,-0.059878004462149546,-0.14144510757450696,-0.04821629792165609,0.15523143587983954,-0.02451849925925765,-0.07944107026872656,0.18138976883996608,-0.20104068727851776,0.463360859653855
min_NeighDiff_shell1_CovalentRadius,0.17115190573493583,0.16974500497984749,0.12384860904322295,0.06953063210247766,0.6741144066721637,-0.11624830206053445,-0.0012623987063358733,-0.22027594924969607,0.018670735215937918,0.10670733391619494,-0.048831954324881376,-0.05872360562814207,0.30854415515460276,-0.04027982342655233,0.2953632541557608
max_NeighDiff_shell1_CovalentRadius,0.5519529500004288,0.21455440165597636,0.25202353611876455,0.1042405832416808,0.1264258859598196,0.03830483395873938,0.014455198772227887,-0.29275219970387684,-0.011254462128411746,0.14683431718054094,0.015803707863419173,-0.16326764366714325,0.1110738498181594,-0.03930577308579622,0.5499516849569119
range_NeighDiff_shell1_CovalentRadius,0.5634261444891515,0.15308567396686426,0.22807132870656507,0.08264125935397665,-0.27649570212148067,0.12094149343473315,0.01842511441186649,-0.21612065548064488,-0.025643454005286313,0.1108101471625929,0.05045377770587322,-0.1614895332722805,-0.061699761131046665,-0.02217923054176233,0.4816469618247873
mean_NeighDiff_shell1_Electronegativity,0.5832330590881103,-0.014934446505470479,0.27051737186532543,-0.02231250176256978,0.6049701074293299,-0.14252059048397245,0.10744032399472879,-0.21365211737740672,0.046081855069155395,-0.022404412184118143,-0.08963773715591877,-0.07818073748762994,0.09467405011920617,0.02680395940155388,0.149498357928009
var_NeighDiff_shell1_Electronegativity,0.7746673416460773,0.013306616157769503,0.29273459180913275,0.07332602823948767,-0.1709594399385321,0.013977150712602068,-0.007278922852590006,-0.10252562851793766,-0.048835716086303105,0.003188876428842492,-0.12465074402308944,-0.03356365849462568,0.17925962609486357,-0.15588830967543488,0.16618392639874435
min_NeighDiff_shell1_Electronegativity,0.3825537317635733,0.0007988459196861633,0.17131147960012033,-0.028789131629574596,0.7445896582130378,-0.17729307984244116,0.09089886900003849,-0.18664311114434437,0.06398280631707608,-0.005112056962066006,-0.10014049571245341,-0.05426887568118741,0.10693362895054064,0.004502401275360391,0.13545107246297736
max_NeighDiff_shell1_Electronegativity,0.7978206042685874,0.007863512171670686,0.3351257123690583,-0.004392433024782958,0.21262291981664055,-0.07559672148214759,0.09990689486969388,-0.23563144150533114,0.025028129227572138,-0.024352067220231498,-0.09198658040519174,-0.09426914919610552,0.06601906002597115,0.010143538714379324,0.18857603200849826
range_NeighDiff_shell1_Electronegativity,0.7826720537831554,0.009992129394195306,0.3206224766289261,0.01614454044509906,-0.2840217034039136,0.033955028243963216,0.06505353619264652,-0.17469541970540575,-0.015293284895845447,-0.028921808527499083,-0.047288377019838,-0.0855290258195581,0.007062211379948436,0.010227974261997608,0.15047878963222042
mean_NeighDiff_shell1_NsValence,-0.09476679525490661,-0.08530252361831894,0.03521704907931006,-0.047302450017990244,0.1455490741500833,0.10134602485462156,0.8640442737626447,0.052847039180517835,-0.08800705081433771,-0.02854520000966953,-0.04115007747562025,0.11367847207556446,0.09046711867047219,-0.025919107937654125,0.03908914543461614
var_NeighDiff_shell1_NsValence,0.1540020800250614,-0.06217412012412082,0.09244031756656085,-0.009408011533328082,0.034099859270251345,-0.03686667520573305,0.8416091387400598,-0.01986000606508527,-0.03964400469842857,-0.02664821262358765,0.014259677075833458,0.006889883810127133,-0.09660875099528274,0.03549431453029971,0.048297081940105124
min_NeighDiff_shell1_NsValence,-0.32576709821906946,-0.03605140180065311,-0.07108893196655809,-0.01077030427741186,0.03527190497332738,0.07875649250185476,0.4967587707659334,0.1320096667791267,-0.1148504066128729,-0.0034222929224221378,-0.0557579412849688,0.16202212436549893,0.27656097155504533,-0.08521065812105397,-0.0005574041408486521
max_NeighDiff_shell1_NsValence,0.12581115761659628,-0.06146192826963741,0.09231873275814519,-0.017335663881718935,0.010442875674789142,-0.03893934090273239,0.9150762955008631,-0.03160721878124703,-0.06795392947962088,-0.0322576653860673,0.004106602188602426,0.013789282684817751,-0.06535738582931723,0.04618109623924412,0.06335347599939237
range_NeighDiff_shell1_NsValence,0.2692039784687301,-0.05197492983993016,0.1291010295386903,-0.01441458055762961,-0.0030455302767535843,-0.07432713477000828,0.7901251409366936,-0.08807369416073012,-0.026907818793742835,-0.03359394621764212,0.0271742646054701,-0.0510634906542895,-0.18358216363465357,0.08481186000773783,0.06894381289852869
mean_NeighDiff_shell1_NpValence,0.5791848161000738,-0.064332661138109,0.11904866790267898,0.04875104377965626,0.7059419829348347,0.0397403015265058,0.08199219543891356,-0.027723211623248593,0.07272543116358214,-0.0475040516166494,0.04479302996034318,0.03931984819330848,-0.07360311432317035,-0.09363450652372322,0.08158734294194445
var_NeighDiff_shell1_NpValence,0.7659242532023575,-0.004847567650700122,0.20286051813584874,0.14570977750624325,-0.19410536756713628,0.1310206515996472,-0.027111054276622665,0.09074664394457624,-0.04362061216368036,-0.041688683554587616,0.011379409151059745,0.09874403322955859,0.09639541083379514,-0.21172512302916763,0.053400135298230615
min_NeighDiff_shell1_NpValence,0.304105901813062,-0.05616972374358106,0.00894279171941511,0.04527740014197621,0.8406692500934717,-0.03161767325441259,0.04809864516841553,-0.022257433589676908,0.0932636372204109,-0.020837820302696125,0.006075304992888013,0.017355131414728314,-0.056501400191389994,-0.13355899041460337,0.0844782147654497
max_NeighDiff_shell1_NpValence,0.8504621748070044,-0.039296577827362844,0.173518011028398,0.05106753255796824,0.2708990693488358,0.11138300411033011,0.023907805307090337,-0.027997217707845218,0.014628137135300458,-0.07123268875500187,0.0634413879931954,0.07354016497747759,-0.06858554327906954,-0.10538747541090324,0.06141283057936888
range_NeighDiff_shell1_NpValence,0.7709897922029906,-0.00041781139149377953,0.20169257670110266,0.02371206310288237,-0.37616086162440465,0.1606962938851846,-0.011386006243877153,-0.0151443088088283,-0.06032571837511232,-0.06844931122887979,0.07139727662295123,0.07414205266711006,-0.03544704494129446,-0.015397469008287232,0.0034148004097044964
mean_NeighDiff_shell1_NdValence,-0.2236595307524591,0.17112051808080986,-0.07182225954541806,-0.027718225450364,0.11586161304383127,-0.11022530991310794,0.01413200691891565,0.22537417158588333,0.08506778251116417,0.01485601861897442,0.08917289487709613,0.7240288709140017,0.2164876796044305,0.05615275465959688,-0.0813318093474711
var_NeighDiff_shell1_NdValence,0.17065224553212605,0.2019202829873611,0.04664571013777482,-0.08340266043255547,-0.04546019275275173,-0.14589489627006913,0.07518225501127496,-0.010897987023096573,0.15488752817148382,-0.04308348618070713,0.05519124628399012,0.6889687487436315,-0.006040662349977585,-0.06655647945779322,-0.011307069017634766
min_NeighDiff_shell1_NdValence,-0.4008469463315923,0.07812135209567668,-0.10224999286188186,0.016023411700919428,0.0912761939620731,-0.023233695492028753,-0.02686484899854943,0.289622346850158,-0.020129882296220068,0.06432541233668952,0.05801214670853741,0.44024268051527365,0.27728940993725004,0.07276580383106711,-0.09580165236702728
max_NeighDiff_shell1_NdValence,0.09650523416541258,0.23606469932061613,0.054826780590504456,-0.09034387176225274,-0.03668805963057842,-0.13887167113575702,0.10303665133060758,-0.013679650602513445,0.13460270841242122,-0.039588116839771474,0.0880990687281457,0.7672982701458717,-0.018614599778198966,0.056058030154266796,-0.04503207118992965
range_NeighDiff_shell1_NdValence,0.3166826971739937,0.2024383044260178,0.11209116036363846,-0.10229562088997314,-0.08736025025443755,-0.1313722336842245,0.12131066948219933,-0.1707219602290346,0.15038624915950483,-0.07579875823967619,0.05995202841925976,0.5572924310795179,-0.16917058734476348,0.018769332040467705,0.00510939026407499
mean_NeighDiff_shell1_NfValence,-0.2545191339226211,0.7142316350412382,0.02564476974759747,-0.07175717601671437,0.05010766671720452,-0.03453598429760497,-0.07139835912537795,0.38978434161943665,-0.07676369226131861,0.02164810033634708,0.030005944504580287,-0.04985716787633806,0.226290956025435,0.05708068108452747,-0.1515654216089003
var_NeighDiff_shell1_NfValence,-0.08107742113066119,0.8264028984453542,0.01151738157962146,0.009722221700530935,-0.009306448075248483,-0.026610989882821068,-0.06358719429753344,0.2450125410595703,-0.05728252973899392,-0.0306819966176877,0.016033386559426037,-0.05608998509269294,-0.038900824855452286,-0.05278875702781708,-0.07140998056853172
min_NeighDiff_shell1_NfValence,-0.3439213844075462,0.3735897190157708,0.047239691331134315,-0.09681826676255169,0.041963856415340235,-0.03186901510748225,-0.029172154642178788,0.39190248314400694,-0.060581797889203606,0.05317560447625045,0.011554397424553319,-0.0481065303737904,0.34653982913046233,0.12206790822257123,-0.16436851299590335
max_NeighDiff_shell1_NfValence,-0.10183580756664286,0.8711341461242316,0.033435250843520815,-0.012584425283848335,-0.005513079964716252,-0.03345725557052946,-0.05219063915484605,0.2536052374629474,-0.05734626489929232,-0.014084641821171683,0.022966034084682223,-0.08193207089518778,-0.035259925843618596,-0.006773514761387156,-0.07578007194688137
range_NeighDiff_shell1_NfValence,0.013425335336662299,0.8363313834011652,0.019915132883172947,0.021774905911449864,-0.02170911324124995,-0.025632058163189562,-0.047591000410255255,0.13861565572743945,-0.04172736802663577,-0.03545167357499848,0.021416978385933927,-0.07385569331413588,-0.16778718440955967,-0.052784737144918215,-0.02391649038609781
mean_NeighDiff_shell1_NValance,-0.21192950184501813,0.5440345244086748,0.11312289090616708,-0.12573931368858207,0.20224000916683646,0.011765498646222854,0.017459946608581363,0.3275813042644987,-0.15515223456693122,-0.10321745677469561,0.032159213332299985,0.40601676995684227,0.12629414948842232,0.17209853532464084,-0.027723850188143696
var_NeighDiff_shell1_NValance,0.010693267883841472,0.668730941118164,0.12709342198737505,-0.03638359469032963,-0.13211161173863833,-0.0011073158187931485,-0.03086819707819507,0.1714116579530875,-0.1504405943087715,-0.12021141841688415,-0.028922064619651053,0.33764429552053826,-0.07585702386660347,-0.01010006061282645,-0.04136943807953852
min_NeighDiff_shell1_NValance,-0.31617813789810534,0.3289386603150351,0.07210425851181557,-0.12807072479347267,0.25470736884490436,3.0232235353990435e-05,-0.0008519322141693099,0.3529080183205946,-0.13000418713885725,-0.06505493782313998,0.01352430596480393,0.3255250968841896,0.24748614229842458,0.16026323254977543,-0.0032896401687038715
max_NeighDiff_shell1_NValance,-0.01963632988417609,0.7381874555686344,0.1509067709842172,-0.08455686366787138,-0.025308324286834296,-0.007809299792742927,-0.0020978186698912163,0.1659368697167758,-0.15264220160494238,-0.145321062634436,0.0031268312865416056,0.3681099152201863,-0.09018774378952157,0.1037467675694087,-0.03410007958742651
range_NeighDiff_shell1_NValance,0.14889559905925898,0.6969357958653511,0.13982699155046172,-0.03060146830411935,-0.1687573779256545,-0.009284593276519973,-0.002025716961547985,0.004730637575803098,-0.11035256937812589,-0.1370371085381817,-0.00365480003855321,0.25958448825921854,-0.2418237986879787,0.035843163373602695,-0.038678559730318876
mean_NeighDiff_shell1_NsUnfilled,-0.03572438300048712,-0.08051789106377723,0.08724315742198317,-0.0573006337519686,0.17738660683884863,0.13130984615044447,0.8506500529699214,0.012058856652477546,-0.0749090964459392,-0.06543147245805833,-0.0606907167460924,0.0692444000517641,0.060414278273705414,-0.0013882593315590907,0.04872268198085361
var_NeighDiff_shell1_NsUnfilled,0.1991168858133774,-0.05683055194439971,0.12866389535048064,-0.010888591787187698,0.05361066332824966,-0.022742785089747603,0.8182856195342063,-0.05003085427651296,-0.028324300480963946,-0.054327342418048166,-0.0024139796899681175,-0.025510969755372592,-0.11709000346235506,0.05990265638709256,0.05247521983144756
min_NeighDiff_shell1_NsUnfilled,-0.30972986242629064,-0.026315021703480403,-0.032586847138497715,-0.019218648278361814,0.05559837170429139,0.11241716101025435,0.4745539572988064,0.10617071155070754,-0.1117624774726111,-0.03647866842578757,-0.07574581133964492,0.1293786924949179,0.2815480888133774,-0.07360023198920161,0.004962086266667111
max_NeighDiff_shell1_NsUnfilled,0.18339700338883108,-0.05471788180651149,0.13889651857784757,-0.01986618829216199,0.029118853229839505,-0.0242249992576767,0.8814372028769958,-0.06927814634389294,-0.053592806543315115,-0.06252707946217011,-0.01132599460123403,-0.030006610594395407,-0.09413464147754119,0.07400006439527422,0.06888236129280895
range_NeighDiff_shell1_NsUnfilled,0.300450928104418,-0.048429762843803424,0.1574333835706409,-0.014228413395830093,0.011334225844655136,-0.06450752950829584,0.76256116881091,-0.10973603033926778,-0.017585549554248923,-0.05311717265815011,0.014377803669471449,-0.07647760056513601,-0.19676272342291687,0.10339767888588933,0.07074312084818732
mean_NeighDiff_shell1_NpUnfilled,-0.10366110571828345,0.014630413721659826,0.041895579414854264,0.017820588111517745,0.41947289592554665,0.028236721745424857,-0.0400515308980762,-0.03331572953092883,0.006950265355496618,0.026990097556110235,0.8246334954284743,0.051856456373856115,0.06921272608789618,-0.028212871721067026,-0.02501736013121816
var_NeighDiff_shell1_NpUnfilled,-0.0005029188216086381,0.04693550519189631,0.14356851912481147,0.06436046398878849,-0.33850618788095027,0.11339350308442349,-0.04249505541977254,0.0357257710788603,-0.047114506172632895,0.021584337756236784,0.6734649597767465,0.10682762384466445,0.13616929648601245,-0.2075471113881807,-0.03871439681866639
min_NeighDiff_shell1_NpUnfilled,-0.1486385329589698,0.009697969628194986,-0.04751886033514841,0.006269931447884558,0.6202666849256429,-0.049818604265178625,-0.050099960953436766,-0.0293467320666498,0.01831020770802843,0.03141568979222645,0.5835836670487438,0.0246360504547272,0.05110366275682589,-0.020532923413704073,-0.0013779012743134302
max_NeighDiff_shell1_NpUnfilled,-0.054177050431577334,0.03572238493728082,0.11495142096901985,-0.018704096566963944,-0.003722459555571306,0.10586462760807222,-0.04954455197731039,-0.056665567130582045,-0.02335048569717515,0.009017686603122925,0.8924252975219344,0.08762519708002298,0.029837622305777113,-0.10995489512276944,-0.03504587906438783
range_NeighDiff_shell1_NpUnfilled,0.04114524849341158,0.034852999234747745,0.16741044947144904,-0.026213704231889776,-0.43969703374143937,0.15842748168628706,-0.022615020094660758,-0.04548600954388821,-0.040083265791040254,-0.01153366986184923,0.6311480988647239,0.08489784447635293,-0.0010719123125858855,-0.11381891963896328,-0.039903781120088286
mean_NeighDiff_shell1_NdUnfilled,-0.18653787359767376,-0.022026780135495742,0.05929575385094542,0.833390170620008,0.14107815023647122,-0.0693832725466447,-0.13053566042534914,0.03930132615392367,0.05195130490997169,0.16109171840925327,-0.013458401936338876,0.0653675559916076,0.18675119444017527,0.004922372872018556,-0.06742829311354828
var_NeighDiff_shell1_NdUnfilled,0.14294156561363353,0.02467508800383278,0.12049266440646553,0.8260295678448994,0.08468538178151269,-0.12453658903841867,-0.06273481010897218,-0.05764999482977799,0.03112316917347332,0.14186153222871462,-0.1000869312286318,0.004781629715831301,-0.06156009680668619,-0.131494998052726,-0.03346433728472826
min_NeighDiff_shell1_NdUnfilled,-0.3926418284677247,-0.034400718444594976,-0.0006321990034263925,0.5189364222931663,0.032432214254150965,0.02186430084116624,-0.13186576373452394,0.12017958081368382,0.009395250342150835,0.14151024570762685,0.04020933348430661,0.0812578754604929,0.30217829634234344,0.10687271937480701,-0.059625385100027274
max_NeighDiff_shell1_NdUnfilled,0.09967528739106271,0.030413744678331762,0.15198761608781738,0.866527186275084,0.05861521382464752,-0.12369626389533117,-0.05083649502845357,-0.10596370940767706,0.026177445304254688,0.1576072136439735,-0.06809236736911962,-0.025153824885175008,-0.09790297346170068,-0.026935521203873915,-0.017003199257339292
range_NeighDiff_shell1_NdUnfilled,0.25879560988428796,0.045939214099551436,0.1633389767580093,0.7291759326465425,0.05035699398404008,-0.14119070677983292,-0.003558441422130624,-0.16018124438244158,0.02445724559456887,0.11440214243956956,-0.08861751577685291,-0.05841477749417648,-0.22191114022426056,-0.07023204684504894,0.004811642580026509
mean_NeighDiff_shell1_NfUnfilled,-0.1629738264438167,0.10035916284767993,0.05268428539893701,-0.06203995065869534,0.052572572695252555,-0.019764760307270448,-0.06649468941393634,0.1382375287713648,0.009911031785278263,0.8876193291751592,0.04217960296583161,-0.01905855422663172,0.12808883181134495,-0.013265554430171085,-0.019398405397081243
var_NeighDiff_shell1_NfUnfilled,-0.0639471244131955,0.1562759595536093,-0.005374193216573786,-0.011301331131445009,0.00899002000045564,-0.02166848945121682,-0.04037093055367694,0.05101233706889147,0.026958025394872,0.8847442589118154,0.023450000401765564,-0.026131194003897882,-0.013282314612251671,-0.11488212890236765,0.061933897605296
min_NeighDiff_shell1_NfUnfilled,-0.22743010876254713,0.016097929165703167,0.09201233920388564,-0.08224832070975291,0.028343751676861716,-0.018050770622853665,-0.058758263780611115,0.18232096386956687,-0.0011492826722087697,0.6535789551219136,0.038300232591110324,-0.004936603883376148,0.20746466604359398,0.07631356741730937,-0.08040522138624462
max_NeighDiff_shell1_NfUnfilled,-0.07011425411110403,0.16796735071595045,-0.0012476716212473564,-0.02069775339630349,0.006772328580255952,-0.023569086905162587,-0.03433962576246037,0.03588194652212834,0.03963284525824181,0.917767817716065,0.02902777690430889,-0.04927547844857473,-0.017324328479196346,-0.09169512204021679,0.07347546922104908
range_NeighDiff_shell1_NfUnfilled,-0.001692617796743594,0.18709601827464933,-0.03328438548595098,0.004731484800226201,-0.00204388564263855,-0.02078629662427869,-0.01904847027314045,-0.02195786294285445,0.045859171684803794,0.8264772735746446,0.02003770305115907,-0.054813025746868055,-0.09169308422673643,-0.13159849832898612,0.11211590383133462
mean_NeighDiff_shell1_NUnfilled,-0.18728465331008395,0.033438072871373126,0.06289033421661358,0.4313473045916996,0.17940121380033144,-0.03241069313734246,-0.117029312843919,0.05874549369252919,-0.12495061406960516,0.7158496614504973,0.03612521250958412,0.1038498175229495,0.1286764965551947,0.05125454663158321,-0.03269812579930942
var_NeighDiff_shell1_NUnfilled,0.031996752313496094,0.07399680150503084,0.06426877393658592,0.45988577707060924,-0.05877303683092806,-0.0090138758874771,-0.0532111019967465,-0.007066450413499822,-0.1313501735744423,0.7108269107422832,-0.08601296171382393,0.08326125889964901,-0.08487612366700328,-0.15991777655928688,0.04301997217748722
min_NeighDiff_shell1_NUnfilled,-0.299689751650028,0.001935532532180316,0.03594558732454898,0.30096940673748207,0.2254160264530078,-0.04317913558548996,-0.13880586575635998,0.1091474979332656,-0.09480481409071301,0.5315145871819308,0.06504035236215207,0.09049264927356812,0.2576745493264327,0.13142178496679635,-0.07512376695496327
max_NeighDiff_shell1_NUnfilled,0.014308151027435868,0.09037070126324673,0.08367106102264846,0.4703386146741259,0.004309353053016979,-0.032206370710223836,-0.04387427179001878,-0.07199113541988864,-0.1255309779625868,0.7654538198585724,-0.0470565422560287,0.053340552873713976,-0.13040745445656796,-0.061028609303072794,0.06828397868483983
range_NeighDiff_shell1_NUnfilled,0.14493725193865023,0.1032794952100662,0.08098386340736881,0.41283838651169674,-0.09165403192456945,-0.018594900816425102,0.008951231827949468,-0.1297185635469653,-0.10397902114325197,0.6540008554370363,-0.08208800421223689,0.02266229812853594,-0.2606776133390027,-0.12663675628355145,0.1108644790665284
mean_NeighDiff_shell1_GSvolume_pa,0.07429783583443132,0.1265711023659247,0.11613497696149509,-0.12257279325438304,0.24050407655686246,0.006886094927883689,0.08855459391951846,0.018771464614866243,-0.1046391908715132,-0.01313152418889672,-0.025699088374892678,0.029270295859669882,0.10036682464890588,0.015498304760755775,0.8444112313135878
var_NeighDiff_shell1_GSvolume_pa,0.24080862879979464,0.12556627952659685,0.10580945288765811,-0.07089619303354537,0.009644132428487107,0.0023531356511471563,0.10153581316463944,-0.033168276418904095,-0.04004784792480276,-0.028630797772832905,-0.06032191315877555,-0.02704072848205364,-0.0053513903766357375,-0.054774751971276375,0.8417429547028792
min_NeighDiff_shell1_GSvolume_pa,-0.16838059918458761,0.08650170117559708,0.0779710924047095,-0.13309971633283915,0.23050106330404618,0.016755268082402082,0.011162574315752594,0.0913086632335444,-0.1703002773895445,0.04119799339479699,0.005355498418528089,0.09740815238103112,0.2222042112343954,0.048580872773828054,0.5082632261288392
max_NeighDiff_shell1_GSvolume_pa,0.22803055709973769,0.13308530336097282,0.12320089450501996,-0.08829955381827931,0.041492411301602486,0.002423698448576511,0.11495445044226595,-0.06625304801129071,-0.04604644875936071,-0.02201662033862228,-0.026555090392475094,-0.05854467105460219,-0.026866652512721825,0.01268300033692891,0.8716156036840593
range_NeighDiff_shell1_GSvolume_pa,0.2928578338535353,0.1196974832618303,0.11139123536499602,-0.0584293631241352,-0.019104729186668102,-0.002028295666277757,0.12100911675646277,-0.09683867203278836,-0.0025006209840913235,-0.035189815960707464,-0.030153244950245787,-0.09020769019948457,-0.09060439627003239,0.00022484485680752733,0.8000862463697701
mean_NeighDiff_shell1_GSbandgap,0.04329412280860752,-0.03314292096202817,-0.06454757106096216,-0.05998855264655985,0.08691547016588404,0.8708225411256876,0.04154168464968097,-0.11673133445162287,-0.04845189516856197,-0.03469226672090819,0.04218938888061167,-0.06539754919336764,0.020705532164332425,0.06151539535209961,0.0404003120714187
var_NeighDiff_shell1_GSbandgap,0.21802727816749023,-0.06587677518783167,0.05776939046493569,-0.07747522202865685,-0.19343877839619947,0.7657127358614264,0.09156940272551696,-0.11157760457581996,-0.016738785278803615,-0.025178860431291274,0.050989882934931945,-0.11494399518972453,-0.012408267571378693,0.11400069850196744,-0.004078890161793985
min_NeighDiff_shell1_GSbandgap,-0.09855384102546899,0.0034197078331161495,-0.13638280345964957,-0.013551472955602016,0.2513579517331353,0.642723926884324,-0.03734833200980676,-0.07269521424984964,-0.06762620083805948,-0.04588503196730552,0.008629074515155512,0.0003143337473151906,0.0657461021601721,-0.06275552192905678,0.09918494679446856
max_NeighDiff_shell1_GSbandgap,0.17204899817650432,-0.05756455548118791,0.009379505326513635,-0.07837319610747535,-0.0988640918385286,0.8494198372023171,0.08144254344316557,-0.13747259214779395,-0.02529050761537479,-0.037642895768821454,0.07033143472050513,-0.12278027084873595,-0.028821604562656044,0.1332749878423663,0.005295089975228457
range_NeighDiff_shell1_GSbandgap,0.24996088296060195,-0.06988802598767764,0.0745535051600597,-0.08668402652211005,-0.23419230164958907,0.7088970156364608,0.11399674381629668,-0.12929778498208114,0.0014437124051158183,-0.023322608493557467,0.07943202202029492,-0.14581929399521656,-0.06477088613388775,0.1873092173916627,-0.03984382247690353
mean_NeighDiff_shell1_GSmagmom,-0.06259026656071912,-0.11213745344438357,-0.006930147622792614,0.029977283514550836,0.05063223872425449,-0.01066134462034292,-0.11426973181616495,-0.00734242189457013,0.898374413909894,-0.05499912083778489,0.008692696252978485,0.08342391572887888,0.011683364219900155,-0.027434511901242215,-0.032654662267671865
var_NeighDiff_shell1_GSmagmom,0.040001431465622406,-0.1061806698556714,0.0451826915247125,0.0040553936081026126,0.10431634280858636,-0.04247611323543318,-0.06544962215486401,-0.04836893259634861,0.8714368658402377,-0.06070473049873806,-0.03247567387706179,0.07656311294538078,-0.04893010502578027,-0.004393229806622556,-0.06991070966245343
min_NeighDiff_shell1_GSmagmom,-0.18709351782685138,-0.07204437118502642,-0.07001721393078193,0.05419809992104285,-0.0735676525891288,0.042182186852383875,-0.12069844837930638,0.050246148794463034,0.5616660002485522,-0.020537700476881426,0.05415027663599716,0.045673545985696985,0.0717342792567683,-0.041003217531548106,0.04001538738333544
max_NeighDiff_shell1_GSmagmom,0.03666477264347089,-0.10956425043589668,0.051542097303540806,0.00468151647810462,0.07666291709961832,-0.03269595884717527,-0.061953890189479666,-0.057747922994980466,0.8891730873857512,-0.06480857869504703,-0.021617718794518362,0.06531630603941058,-0.06964391446875905,0.011160770222923699,-0.06669236322035711
range_NeighDiff_shell1_GSmagmom,0.07952292939712738,-0.10069021026541615,0.06991416972858677,-0.006789874748237866,0.09735496678227604,-0.04386571916994156,-0.03958578729636665,-0.07221277994868733,0.8221489293515678,-0.0643499438675694,-0.03470100997672129,0.05943488994816278,-0.08950518020239995,0.020746307136544247,-0.07948903940217664
mean_NeighDiff_shell1_SpaceGroupNumber,0.6297164797369394,-0.04926800673423512,0.08617954027221492,0.009670942626604909,0.560213508935052,-0.20863889872775915,0.14172754083409428,-0.10730787895931225,0.11537199622881122,-0.06353701721890254,-0.003839855433573127,-0.03251585571083471,-0.028752597512773787,0.012428223131134671,0.020478437788505624
var_NeighDiff_shell1_SpaceGroupNumber,0.7915510777120743,0.005761589670756395,0.13326172286244942,0.09934891883305469,-0.25439141325806125,-0.026284310175349827,0.0034793381622220516,-0.009891731634275466,-0.014214230817390289,-0.04528737264590245,-0.01851776379040442,-0.0005496533504714111,0.12349906260459105,-0.0732597975184889,-0.011257438049287964
min_NeighDiff_shell1_SpaceGroupNumber,0.32882637005748966,-0.054293123421714336,-0.007827816695927576,0.009793962753963792,0.7176152722618862,-0.250765482728731,0.10236424814385707,-0.08065740630802108,0.1262630293802878,-0.04277597741185732,-0.03879960527715842,-0.025018453587828185,-0.02356679089392266,-0.06584248199372891,0.04088993774544431
max_NeighDiff_shell1_SpaceGroupNumber,0.8594127871692947,-0.01273803574231603,0.1121524223422104,0.023191874280118176,0.171600916591378,-0.15187790659978861,0.09074643427858799,-0.12377429689130247,0.060641019838886034,-0.06208656038096633,-0.003479099756665223,-0.02027090974873986,-0.022991765388579964,0.015984688375703552,0.0023996176329318377
range_NeighDiff_shell1_SpaceGroupNumber,0.7635662904777522,0.028117852472451795,0.14013312985732362,0.019870976591316,-0.3677814253767611,0.01879325319312519,0.02664856428697999,-0.08339845236493588,-0.028361634079225522,-0.03998442480679699,0.026807699383198026,-0.004235223256050349,-0.008641748046731955,0.07162290380587016,-0.029764405408660884
NComp,0.5118409339219322,0.10475420166643556,0.23144288124503315,0.07109978474764124,0.02606205002691323,0.08342531229017099,0.2579432074090076,-0.20784174729572893,0.12221069670380572,-0.022614905614543164,0.2012103872232068,-0.02918872040150783,-0.2530174540700595,0.3610542860800496,0.0885245780205861
Comp_L2Norm,-0.17482465281915005,-0.05513883800174643,-0.09842591120603829,-0.06782100803083158,-0.45795066427514963,-0.24249081934564723,-0.24327760164774942,-0.048803485937421606,-0.13698589389588628,0.0010762518825799888,-0.31308215799017364,-0.15824781330283647,-0.10842482932166672,-0.4484529823397651,-0.03297713315169402
Comp_L3Norm,-0.07817488487585864,-0.030640021287197037,-0.061696682480654526,-0.05328133302941492,-0.4981204042119111,-0.26468141441113846,-0.21532454685462152,-0.08799689607536648,-0.12507418343037924,-0.0006296177233830497,-0.31072204412578686,-0.16648757380391632,-0.14946901496498288,-0.43774062970739375,-0.011446719765974596
Comp_L5Norm,-0.00946018489780208,-0.011819183600687717,-0.03669147688381463,-0.040856146023405905,-0.5119834855311112,-0.2796818522796799,-0.19095458132813853,-0.11016098904464042,-0.11519061045843466,-0.0017863420254891767,-0.3077574859978277,-0.16633849502121265,-0.17019437584507313,-0.4249512264310718,0.0025064340431315986
Comp_L7Norm,0.011579361673667726,-0.005523672534270274,-0.02927298751211617,-0.03623534890509905,-0.5121884269994427,-0.28424385652505746,-0.1816084634514064,-0.11581555462816778,-0.11173580921626552,-0.0023214087601544703,-0.307308264794128,-0.16455380873278555,-0.17535485978550713,-0.41890839897421694,0.005789428062624646
Comp_L10Norm,0.023731834478765878,-0.0018820726845835752,-0.025136181652366352,-0.03334591705764588,-0.5105368047642876,-0.28647870258810154,-0.17544937435580216,-0.11888239915357124,-0.10953177278652182,-0.0028288937128864078,-0.307180040220999,-0.16291003587626343,-0.17838191453903637,-0.4144236994217764,0.007056359594578788
mean_Number,-0.4896600995174802,0.3139310861939752,-0.05765818621180258,0.02324581057018064,-0.025275583045039556,-0.14257336949783042,-0.06572637874492782,0.7009522873579372,-0.08231631466072366,0.20630315354561335,-0.04548957828788916,0.13765479937858127,0.10617978883410849,0.0032126657066408265,0.09425084845554378
maxdiff_Number,0.07268227558456727,0.9007278177378765,-0.012695548909386926,0.06499086274934977,0.004747859644484955,0.031358552143424555,-0.011434767694065543,-0.1832114708381813,-0.04248506600680224,0.15790899756888535,0.05290302265305636,0.07887083863647945,0.022211720937091787,0.03145512364235127,0.16381050059719732
dev_Number,-0.08695612538368964,0.7797448472212812,-0.10323214102583674,0.063777573077633,0.14252873590872117,-0.020214980890094197,-0.10888739952129632,-0.04154683260581714,-0.07610955088256392,0.14966055807752984,0.022650982984799145,0.137826117251662,0.38102463672526476,-0.020546644214715897,0.14276327119782956
max_Number,-0.17809725346603708,0.8318553597606543,-0.0581968512963622,0.06303748118485518,-0.056336657060468344,-0.08280352853225265,-0.0519832794918099,0.25283359655951265,-0.08146305450986704,0.2420744078496033,-0.004212521432365759,0.09574400375512117,-0.033461480617206205,-0.002226708406817877,0.1863318175936646
min_Number,-0.42838238199894785,-0.03639226457432979,-0.08011332442693404,0.002606784512319332,-0.10554002922502455,-0.19517149191816538,-0.07140420936016709,0.7396102404569869,-0.07154401513535939,0.1605900685507108,-0.0942114998640219,0.036550245572482376,-0.09454057219859817,-0.05553408047593456,0.05418563718396552
most_Number,-0.5222397177998184,0.08579342903267759,0.022000342342977035,-0.008015589920486276,-0.07362902287582611,-0.08153517027932225,-0.014569224617159472,0.7194977437536729,-0.06093063608271136,0.14144769794703604,-0.030564543650778313,0.10019400273405857,0.07176917469677686,0.068991762879525,0.006809677289279865
mean_MendeleevNumber,0.6560755428372638,0.010109183908795024,-0.41613876444136505,-0.08364168601699344,-0.18699743087680026,0.2399513204326704,-0.10750587509666418,-0.0540894505044605,-0.024178504902072982,-0.16570361553398047,0.15062989707589486,0.07550355522273619,-0.1539392177056725,-0.015846715424959606,-0.16184268783309183
maxdiff_MendeleevNumber,0.3646984009479303,-0.025447320031399066,0.6171634136872276,0.05808485476363181,0.2605249098434791,-0.10371403965248653,0.23610757116198872,-0.10974500197193796,-0.014820542398609533,0.12212112602743304,0.038645281085818446,-0.0026998672756835384,-0.08170287191581428,0.029383471076154414,0.36724973366242764
dev_MendeleevNumber,0.14176916500038478,-0.03273030597166456,0.52179525717837,0.10679480728026454,0.5233133528939383,-0.09223374145466331,0.14835482584857607,0.03131096750817411,-0.06927343505190027,0.1472997224672224,-0.040900541588126844,0.06925530270276939,0.07708671419860273,-0.07660970317123421,0.33510116518311717
max_MendeleevNumber,0.7450086536590953,-0.02379427386979966,-0.024569538061025454,-0.021773375122938796,0.2369391822235459,0.28958749468033157,0.004220299289372066,-0.013535902572744228,-0.047984289873930726,-0.09412726960809355,0.19891289198200904,0.2092975000354092,-0.07469129728312557,-0.0743200231940622,0.03901053396541818
min_MendeleevNumber,-0.09081389097139923,0.01769087810127349,-0.6713784137212893,-0.07102582162080519,-0.18379927911038804,0.22780153576443504,-0.25136276326960194,0.1121738870115977,-0.003442242632787114,-0.16880319913050115,0.038697485158277624,0.08719435639206775,0.05748593263532501,-0.06142805211611941,-0.377909559136778
most_MendeleevNumber,0.7157521400061835,0.01390852579194261,-0.2754942625651343,0.015670981626181302,0.10587379141830193,0.04274959918373781,0.006807839317163894,-0.08092188884547274,0.01821795754954607,-0.06288461002736653,0.07264668356662976,-0.00516978625592864,-0.2266324236125788,-0.08170366954282986,0.025484697608423458
mean_AtomicWeight,-0.47757234875391874,0.3297580628163518,-0.05132519512603743,0.01933194345130425,-0.02345388617282136,-0.1365838783366176,-0.06437624916308848,0.6998254336145417,-0.08888224674834418,0.208412929570563,-0.04869120909797599,0.12567721488088326,0.11141400684407926,0.008692374480420602,0.0858391377540176
maxdiff_AtomicWeight,0.03977827224745851,0.9064819074059914,-0.023416163800577157,0.06872401723643157,-0.004537430463159056,0.021892128297595865,-0.02709211628101074,-0.1364302011470403,-0.053498796471040076,0.16922248593229433,0.04938723317494419,0.08430073511358183,0.015923196378089487,0.026601901697826266,0.17137576281929143
dev_AtomicWeight,-0.11395749275578552,0.7853402646930442,-0.10202850136693357,0.06294896001265603,0.12924348548590078,-0.023151952762721178,-0.11561028895658648,0.0009757610096914336,-0.0851976966482372,0.15982893025933465,0.020815444587008753,0.13581818650969626,0.36142870146017103,-0.015982017058959973,0.14056815648859503
max_AtomicWeight,-0.17582628237346143,0.8321998228575376,-0.057123368816846015,0.06275656944808118,-0.056670953757877236,-0.07876001869546984,-0.056545829625617855,0.2534157941166402,-0.08720477028396491,0.24207323926652782,-0.004753378942155501,0.08992346638348722,-0.033587441988272855,-0.000879654389791528,0.18235532850362854
min_AtomicWeight,-0.4142162819768908,-0.04137451302783546,-0.06812152242739254,-0.003788983835586459,-0.1017649244580063,-0.19299433221998036,-0.06027794409930156,0.74164468725808,-0.07153367604079452,0.16069306983328252,-0.09954219817563337,0.020488654338104297,-0.09434855590473588,-0.05035319781119537,0.040775800846064594
most_AtomicWeight,-0.5082106435616636,0.09406585290041775,0.027749349538867735,-0.011514634976306696,-0.07103496595654948,-0.07833516412178684,-0.012559721402756652,0.719376509154664,-0.0648500586447522,0.1407920950155012,-0.03449293292043544,0.08923224451388226,0.07943037503708628,0.07548805532576473,-1.3081151723716247e-05
mean_MeltingT,-0.6674437741122583,0.10406823153530717,-0.11389873160759682,0.32487888246417684,-0.11673460806064744,-0.04846623519260846,0.009302611914110442,0.214443659803732,0.14253415548955334,-0.00902665944435329,0.16190958472866923,-0.1895615079624629,0.17124032044041015,0.04371877028185102,-0.08254269687301119
maxdiff_MeltingT,0.3843387939657746,0.21242297939968513,0.020975683679322156,0.4747550676408934,0.05405101583509979,0.201188335864923,0.16373342545695027,-0.07905192964821743,0.07351417448797803,-0.18142625036665502,0.15199601392783865,-0.3333049398100174,-0.11180360780219088,0.04767896578663824,-0.1069458928581466
dev_MeltingT,0.24543556616716355,0.1548019070750571,-0.1190682973801564,0.5076363373064996,0.18615209726013615,0.15845779027558027,0.04803501973037151,0.02021266296976741,0.1035160306474847,-0.16374529113203198,0.18112161531772816,-0.28244557004800525,0.080044031255763,-0.006845172013924015,-0.12871745130313575
max_MeltingT,0.01656090386225572,0.24388276153532032,-0.017966399205412275,0.554815381872847,-0.0668311137846802,0.13890076155658831,0.16725942400869384,0.022148018034289237,0.12020858094847357,-0.15655467326601177,0.17516180061016562,-0.40168592682703813,-0.06637693014740166,0.06565109176800384,-0.1302158953087745
min_MeltingT,-0.7179921505080699,0.02446979328520207,-0.073054195496557,0.07218710136256216,-0.22510532135947353,-0.14209952598951575,-0.01833318048895034,0.19354463185471696,0.0727361658445,0.07196720405201809,0.018685002685861863,-0.07253001701069914,0.098373648483291,0.025075609291213188,-0.02565757268989432
most_MeltingT,-0.7161457361995569,0.040127378617295796,-0.05890973731611757,0.1357779876163113,-0.19224010219778975,0.0010220662956612096,-0.008852550819976168,0.22686701426018982,0.07671531034684419,0.031329646618596885,0.1362353798818612,-0.07283113348736688,0.19066403346962224,0.06952563192674846,-0.033943390676224254
mean_Column,0.7781114803054595,0.004703494940739949,-0.3739673965416486,-0.032244658719488964,-0.08230579573332701,-0.07877969973841752,-0.1436610038029811,0.11319328498047454,0.0030773544546074502,-0.08966436561133026,0.2129250381039154,0.14973375136723965,-0.010887653474946081,0.03680778265308352,-0.013567064568978294
maxdiff_Column,0.4980010692998828,-0.018429809235791135,0.6131805434198877,0.07598658318707613,0.28736154482625165,0.09067494513768956,0.2135687174017005,-0.12036672291040712,0.0074720040452540635,0.032114353871445504,0.18485163883525882,0.0313506192032544,-0.08152319265755838,-0.02112191857767988,0.1583869640300806
dev_Column,0.2586915111829172,-0.04292568064274348,0.484602315458127,0.10410437265849042,0.5937309158172198,0.20015284149957085,0.18168347676464772,-0.03272016112810117,-0.06407405518823368,0.06497889847859106,0.07699974381724041,-0.02234694690306119,0.0035431736048210432,-0.07092555163528592,0.1310069172676436
max_Column,0.768308588946693,-0.026688387256871306,-0.021750892212836683,0.0015788546583277848,0.259736621822846,0.16139281731977317,-0.01556103846219005,0.04244439314902733,-0.014688072849699729,-0.0864864539901833,0.3156488792720981,0.2043071102874223,-0.022183137577009817,-0.05204629245074848,0.01592739100003101
min_Column,-0.020592783922617253,0.002112658061814767,-0.7744314382609072,-0.09266069583697939,-0.1539955287493128,0.012892900834810171,-0.27591273040259473,0.18156861204642855,-0.02060085221430478,-0.10662125453431504,0.0159352423463072,0.11940625827926674,0.08355287451511285,-0.014189056002247614,-0.18336159436045493
most_Column,0.7419166111545797,0.012318979731004407,-0.24658942689772326,0.05296999652040572,0.1868390563821014,-0.24972468507547047,-0.06911234487497465,0.05800541674584723,0.03633189366423844,-0.02096607327381338,0.11662047167824634,0.03150374717256955,-0.10998547019068988,-0.00512346669072909,0.10108694711026586
mean_Row,-0.5933096277507396,0.20721746144163078,-0.032302944392413754,0.060446317886581,-0.008107273262133577,-0.19816467629736292,-0.08489132672517673,0.6395507969521861,-0.06139058078040467,0.20032382145328403,-0.0375324272851254,0.1645871371893679,0.07229612484431054,-0.02216832422423195,0.15695184124053246
maxdiff_Row,0.33151243466207947,0.6550020279603369,0.02249790856532101,0.09766296377078376,0.04417334361926537,0.1569970043029337,0.021851095028624874,-0.43431089834186026,0.0052908346252748305,0.1711882184017131,0.059723752690740636,-0.036007291891359816,0.10045307524231482,0.02214889159541725,0.2615267202578049
dev_Row,0.20946040847676378,0.6002716809207619,-0.07095914390426404,0.12694712990924983,0.2480750824325372,0.024660341935900623,-0.0881657924515558,-0.30273028695951,-0.018132882679187928,0.14453785701641128,0.019690947635352746,0.049917865068962716,0.4422108184848212,-0.06126432953267395,0.2663820252335327
max_Row,-0.17651416758716498,0.7139319738245659,-0.014897659675956102,0.13615228623305403,-0.03850103251650203,-0.10796811575972587,-0.049651206666919086,0.1877366112001552,-0.05471924912324354,0.3325435324843598,-0.008862852227360883,0.05853992499901753,-0.0175033286905374,-0.03307061487414763,0.3451765082244652
min_Row,-0.5482643160247967,-0.04782136708573281,-0.040051438595126464,0.021810707689147047,-0.08765182514114257,-0.2833957915506458,-0.07317967596026666,0.6758782699178189,-0.05932138028033261,0.12971272568721992,-0.07642380431661441,0.0979081676459474,-0.13107169846058922,-0.05736225480186128,0.0394849087915171
most_Row,-0.6378553282449325,0.0367147352594745,0.029055014054352724,0.011255234181100355,-0.0892741605984902,-0.10430536602742747,-0.04520299306791131,0.6460767512266306,-0.05219698986047453,0.13616987960039564,-0.014912924584397495,0.13665071874129203,0.041853108632840696,0.04380874510125171,0.04129180002400471
mean_CovalentRadius,-0.7188008539694043,0.0785617446446586,0.13709419412868626,0.04954689322815036,0.07367784535815332,-0.24924354649288044,-0.07978347908217864,0.42647049655908875,-0.09951382688815513,0.17475544099462367,-0.07353946050072428,0.11934519189955302,-0.0057429686177675136,-0.04487413808438341,0.2405524571714121
maxdiff_CovalentRadius,0.4981992897400113,0.20689124047443005,0.25441455682091296,0.08333878885938445,0.12609615190906312,0.1614644058622354,0.054987554339191926,-0.2926985618035428,8.796388695188566e-05,0.1530841364014463,0.05101589010082035,-0.1538254588983737,0.12381374141292,0.026680955685292752,0.565430565668818
dev_CovalentRadius,0.42313577098727123,0.2060585195035594,0.2246498845627038,0.12809909685297227,0.4130479780429524,0.00235659783914215,-0.013979542401124713,-0.23270930325561667,-0.032238218487843084,0.1443383932670888,-0.028990301454124158,-0.09418534558061624,0.314081498775219,-0.055661959634057824,0.46590999252136545
max_CovalentRadius,-0.09517356224181774,0.25750472344505165,0.3129885982089904,0.11270920309992864,0.049336531102859175,-0.10469096574719629,-0.01330571973217988,0.09361467812709323,-0.09570070828199857,0.3005373834912635,-0.011390139987245723,-0.06321142630003267,0.012520431251252826,-0.03329294588156458,0.7551349969217608
min_CovalentRadius,-0.7160749903166825,-0.006626502140651614,-0.011736525369518722,0.006123267165577152,-0.10936952466676134,-0.30436023222404623,-0.08177696231187488,0.4576047128349617,-0.09378587146634325,0.10277248629876402,-0.0749360085850863,0.13045906461376938,-0.1425529015519561,-0.06594862263627504,0.03218137595780939
most_CovalentRadius,-0.7604732179356851,-0.010898141155088043,0.11956631312203063,-0.005283612068804052,-0.09195362145963105,-0.09472649520105673,-0.07956299576412706,0.42957122217094434,-0.08505132406800267,0.10291807666479517,-0.03362232196837199,0.1333771808164602,0.014196461574504611,0.022036020649120712,0.05738353196373344
mean_Electronegativity,0.9080826288429104,0.025597839493634443,-0.18985535412424037,0.03576788472366114,-0.06401011059201836,0.07549437785659688,0.0032765479319427303,-0.1421711559632178,0.05734976715705698,-0.11520836954959589,-0.04935128280782231,-0.05106876677049554,0.08892221132401124,0.024523929389149095,-0.07484852242468154
maxdiff_Electronegativity,0.7767814972525809,0.0008668493572012671,0.3432401148870982,-0.010650996601159137,0.25054440111617354,-0.041820370468069745,0.12766687207392247,-0.23157242334685146,0.037931438128598075,-0.031614032821043296,-0.07501177520743177,-0.08651859283799246,0.06991976951566495,0.05664960179012486,0.19499200596872288
dev_Electronegativity,0.6813587485368073,-0.017619175253025508,0.28085478748941306,0.0035808038485326582,0.483661144656819,-0.12118750789930167,0.08305125004812779,-0.1993304606361231,0.015350450880995275,-0.02366970015944576,-0.1245110274601562,-0.07493434922724386,0.13861558440889077,0.0027592979568205234,0.15019819013862937
max_Electronegativity,0.882367914354968,0.005192988770824348,0.019703295863894993,0.009248779966557489,0.18198289491256903,0.08835434940983068,0.06085299359088856,-0.20575868292553814,0.058746326804734746,-0.10918096502397368,-0.076999878581789,-0.06016784931305058,0.1187820091590218,0.048489924320848365,-0.016022033316000894
min_Electronegativity,-0.05889296281993755,0.007478812762082691,-0.6896940144980529,0.039078773147730006,-0.2029651046911531,0.24673519073223327,-0.16057208736112386,0.12026654018828253,0.025197053207280343,-0.1289588807179169,0.020402385761813035,0.07488391371588032,0.0652591005625731,-0.032728230861231826,-0.4406005608821788
most_Electronegativity,0.8781965923222894,0.020496579387806232,-0.10904613343484895,0.04077825020016078,0.13718954961051572,-0.1160237146926674,0.028670776655968417,-0.179969539260494,0.07356800385937667,-0.07352829879254222,-0.058379417709316116,-0.08485397165760188,0.018579990842549417,0.011414743030961185,0.024271067344639873
mean_NsValence,0.2249685891014834,0.06875596696115599,-0.016945304645653005,0.06856129963223037,-0.026320100396871205,-0.2135986548023599,-0.7745521252820821,-0.014815192564223825,0.10542164696887062,0.053422565805169915,0.12734170787341864,-0.09320840632890784,-0.10851242042498384,0.11081310067097655,1.2729887530739545e-05
maxdiff_NsValence,0.08724334932328008,-0.06559711803592524,0.0765747352280266,-0.020647425252603695,0.020832570233248644,-0.009852285554543906,0.9306365874477519,-0.023043894496044513,-0.06943903087476187,-0.03374255249734978,0.0024097837677213583,0.02509239753972126,-0.05078876777825045,0.06007728172957022,0.05604707770079868
dev_NsValence,-0.062416930079002994,-0.08598214594011129,0.03778075125499111,-0.04155936306916785,0.11223718997665884,0.13209177490000587,0.9002826907762332,0.03292275356942846,-0.0818818803824838,-0.030158087645154624,-0.02318311820540852,0.09329797478756757,0.05382439210497281,0.0024507378976079885,0.025014801214321425
max_NsValence,0.14668242292444275,0.008397479558451345,0.005120289390103664,0.037898219782956155,0.04350678238592251,-0.025189964717194615,-0.0160528790727048,0.03638560211393592,0.03555788810488336,0.06571026567979343,0.19074159067572086,0.02233351483357572,-0.012297123833477848,0.07365616069882124,-0.004842752498631902
min_NsValence,-0.06879177649530055,0.06655731448628854,-0.07583049459470337,0.02535592133585856,-0.015366606365876855,0.006690559929303983,-0.9313754050124302,0.027560075755057836,0.07378857282945908,0.04190923467048068,0.021432875819360403,-0.022266921611910646,0.0491826679011174,-0.050789719860060534,-0.05657600217509744
most_NsValence,0.30469401957521913,0.0246898580924707,-0.018753245691112728,0.0586580260887766,0.0867504954887914,-0.3276794448912904,-0.43865484265949134,-0.003249038747541504,0.09046212856013536,0.01778704643961598,0.0755432279128744,-0.09634767930936211,-0.1676577989951694,0.15486236081204616,0.08608835500014331
mean_NpValence,0.9076761591058908,-0.02241920272787317,-0.14082085901999278,-0.04750980092175677,0.01709449445107517,0.01946769004156195,-0.1359414383616499,-0.017914070549914722,-0.09427615892107205,-0.0783641154125711,-0.019657825554543113,0.06360671979053924,-0.07659397005449634,0.015272316769817652,0.06266195813988457
maxdiff_NpValence,0.8353310003687345,-0.04537668359231628,0.1348983707901233,0.038328568095292975,0.2809193381087198,0.17159637870170488,0.019676343933166265,-0.004603011318077017,0.005533815182207871,-0.07916508546922738,0.09166556031470127,0.08957265636080987,-0.07410335963038897,-0.06497504364642712,0.056703094646922525
dev_NpValence,0.6653747043718926,-0.06560930165338091,0.11905040576470857,0.09227244790185705,0.5727060140897864,0.11980456576529626,0.07956781790965885,0.024555696906176663,0.04620130350203012,-0.052417497421890315,0.05304582182062639,0.0644377534935698,-0.05534800881078497,-0.12170963619327574,0.0776480374886232
max_NpValence,0.8630401885367751,-0.0547499634943538,-0.02081082552519427,-0.02074000989082373,0.2571424966229467,0.1786527027833996,-0.04001583042979262,-0.00595804092707228,-0.03334592983966409,-0.0933469004847908,0.0678841092371212,0.10111027839232074,-0.07458592984772629,-0.037738206364886,0.0516581872349821
min_NpValence,0.057519756758528585,-0.02970058198136334,-0.5317652310550097,-0.20117141894940166,-0.09244262125288286,0.01642380372864202,-0.20247224864422922,-0.004378109016715583,-0.13156326803878055,-0.044483243725760464,-0.0842852838534794,0.03510249111026675,0.0015701672610722883,0.09480392993094926,-0.019488924601069622
most_NpValence,0.8526393832762966,-0.011320854858298117,-0.10770052544178638,0.019924109285520922,0.22043232027770546,-0.14746264561267267,-0.0732117700476023,-0.03785781636909616,-0.023707399905482443,-0.052239871170242834,-0.040532666835710815,0.014446514890859968,-0.13839280814762406,-0.0025217299903312336,0.10465079644436556
mean_NdValence,-0.35594970791926744,0.03812578193812694,-0.29476398736368853,0.009095230547663025,-0.05527571070495396,-0.10786526332937094,0.07647547090451279,0.6077598886435025,0.0534582415558863,0.0009683785337971989,0.1068227011207856,0.46783922170500647,-0.0692774999795727,-0.07026522443545097,0.0012029161592366922
maxdiff_NdValence,0.015911680875021463,0.24214389713237022,0.03559285031272207,-0.05963775376594986,-0.035566751149005184,-0.11207970201195286,0.10369492102809183,0.04018631589514898,0.13483811999373818,-0.037750305035467786,0.10796272696421277,0.7907120852888476,0.004681247759559234,0.10795754566595615,-0.04411892957381078
dev_NdValence,-0.16920315263416905,0.1931114477807391,-0.05989194744220124,-0.04819246784951927,0.06849288858228691,-0.10720113629862438,0.02986428032545973,0.21029485501741177,0.09054610799626547,0.00030893913572922093,0.08063451598934787,0.7693606588924069,0.18883373833100617,0.06877583353191448,-0.055616132681149275
max_NdValence,-0.059833417502701054,0.20765034389763015,-0.13236128314302242,-0.06074682017009705,-0.05517592640750564,-0.14574953989476902,0.12394609558318118,0.22827194114022106,0.12825189694824543,-0.0737607835313987,0.1051594276984593,0.767149306313875,-0.06001712422647511,0.0717136831035491,-0.05196855011038396
min_NdValence,-0.17504046427945838,-0.08583027111750043,-0.3881357816240496,-0.0010034474171691787,-0.04428139209495681,-0.07470444029312943,0.043986884957225296,0.4325738932659301,-0.01869641895383022,-0.08203678267785242,-0.009275055113003163,-0.0749190776815164,-0.14928033774340133,-0.08637022857509155,-0.016947643634077032
most_NdValence,-0.3571900429723423,-0.022339505884239132,-0.19280574735684794,0.03401206895186133,-0.07194676052963904,-0.03245259204562636,0.07539142311474012,0.6105137051014894,0.012504660267225274,0.06909985566076632,0.11333758279462021,0.3025813463354445,-0.12566835133519527,-0.09543031862169528,0.061412920075630054
mean_NfValence,-0.2906772755191809,0.5397148913623021,0.06076359098258462,-0.09192623197228329,-0.02787963469074821,-0.06981883765097212,-0.045676525446271585,0.5714066515904235,-0.06184481257033597,0.026730120669248934,-0.06961559386286571,-0.14973604825340187,0.18297266917237365,0.0598807383028053,-0.17158543793830042
maxdiff_NfValence,-0.12895915201868474,0.863520480272273,0.03006489729450768,-0.016251838190530648,-0.00611473611114401,-0.03291714670465091,-0.047622958612497795,0.2831753136582587,-0.056507454469172644,-0.012771514536675762,0.02410649571599476,-0.08093136326649154,-0.01190610414340985,0.022113241581702872,-0.08569097561589127
dev_NfValence,-0.22877106980027195,0.7627291959163979,0.01691995325787753,-0.04492425227704189,0.027576464115034664,-0.0329152414814264,-0.06775505869203904,0.3849013180458526,-0.07476163407373468,-0.007050375594434644,0.020643191159777367,-0.05674426259092471,0.1737714962452442,0.053672887853461575,-0.13535568131342418
max_NfValence,-0.14317981339120087,0.8491061741353368,0.03247068419589734,-0.026692146408817445,-0.0158122098662615,-0.04340787823635632,-0.049986648190684026,0.3402867139404915,-0.05695783682522224,-0.006909396209662752,0.004866437875520542,-0.10825050648905253,-0.012270566499102324,0.019770646713277773,-0.09440518452903461
min_NfValence,-0.0918691252114833,-0.030992415512231607,0.0160574124266221,-0.06254643236549991,-0.0575350248379706,-0.06388498687296074,-0.016906474549732292,0.3542861709157885,-0.006185401059986057,0.03375085280782612,-0.11188663507977335,-0.16606504212878548,-0.0028919789463827394,-0.01242448198014255,-0.056712618112122165
most_NfValence,-0.27716661960921385,0.23700564325150641,0.10564194664852275,-0.08656787102591713,-0.04981443364036965,-0.0537207403404917,0.0050327337967117185,0.5203326475658059,-0.029795362901673214,0.033274564543001615,-0.07684799997480894,-0.13280955638546887,0.1990387771336395,0.10860557310402211,-0.14879704493438456
mean_NValance,-0.14298296270355063,0.3637128537507863,-0.21528532632858793,-0.06190187522543906,-0.05307151019826966,-0.12716436649983812,-0.062249360809345594,0.7843419895764963,-0.02368837826345135,-0.0034245082815137257,0.03354354428821053,0.2518727345310309,0.035922149320584,-0.0009279878898275454,-0.08779976612434025
maxdiff_NValance,0.02240030429153161,0.7351249715744912,0.1730924596266501,-0.10245278177483154,0.015988420439146465,-0.012546360314854206,0.051618803779213074,0.15667184337923243,-0.10874893615994105,-0.1624163517171304,0.02836979598302754,0.3842766095808581,-0.1084027114461506,0.17116939131774125,-0.00575768587386078
dev_NValance,-0.2104461257195185,0.5709305043787765,0.09104761867961615,-0.09983750102195416,0.11689400577874727,0.04540230698033079,0.0033522756514354304,0.33492785730513264,-0.168310091778429,-0.11574204345428145,0.011096189325482436,0.4008199185792202,0.1044162687007378,0.16673074346821745,-0.04945508786190471
max_NValance,-0.06012119710073691,0.7344320387257425,-0.04200736016942066,-0.10615986553903373,-0.042785070180533194,-0.048404551851759965,-0.034795296339591206,0.39460382412736644,-0.08509756679772058,-0.1214880166362707,0.033792481050295115,0.3562245284914109,-0.06836202343454949,0.09718472137179243,-0.07949770056412218
min_NValance,-0.18668096195323197,0.07374070018122435,-0.47484734505883736,-0.018987550310192995,-0.13295444362678532,-0.08340176738043771,-0.1926011193124548,0.5609241880586695,0.043018829860721836,0.07708426548803365,0.015325109359646044,-0.024863519582493807,0.08058625619079327,-0.1518871825282216,-0.16945645968366663
most_NValance,-0.09326676573543195,0.12534248543487822,-0.12944518636682262,-0.014712354082445023,0.005792971013863511,-0.13887171875863347,0.003053041067770378,0.7816296325212755,-0.011619080752054563,0.05513265882631908,0.030654801194439647,0.15398356504769883,-0.041923265151400144,0.00177551528951864,0.0036797875479525977
mean_NsUnfilled,-0.17975036225844868,-0.06268003068059953,0.07750411962302733,-0.08185049381043881,0.05609435370405535,0.25743102923891664,0.7601478403307018,-0.027571221097871117,-0.09741399157796621,-0.08664555720683972,-0.1436398027858432,0.05035265543639967,0.08801133941482611,-0.07932985198088616,0.007995433013995593
maxdiff_NsUnfilled,0.14874664345792912,-0.058698600545481455,0.12634711819143837,-0.024322851046228364,0.04070469777725495,0.005706711939958835,0.8989495299082445,-0.062113043672831846,-0.054624269301015084,-0.0651235187214218,-0.011266251961072477,-0.021940288990173744,-0.08239863369986523,0.0883483247029788,0.062015916150516215
dev_NsUnfilled,-0.004783902626529293,-0.0795338539609723,0.08716103645824193,-0.04987946619852161,0.13872800974272725,0.161985772298537,0.8811014299305876,-0.008121007775681827,-0.06823896158415273,-0.06551463092793931,-0.041443511725630044,0.048866042529102434,0.02427090348065069,0.028644882085558068,0.031713412330542846
max_NsUnfilled,0.13184000533788787,-0.05971507374261352,0.12731337627314707,-0.028919913327034658,0.03576372246109587,0.008510810068017235,0.8989950901331437,-0.06686339217644985,-0.05904781237702096,-0.07290418747128119,-0.033444517129281044,-0.025324097568476082,-0.08153478451715475,0.0801385755005787,0.06284098708479637
min_NsUnfilled,-0.14046029204264754,-0.008103052264722951,0.007346259449295188,-0.037865093398179804,-0.041035626084261374,0.02314293554520778,-0.004166040493038148,-0.03894082036930446,-0.03627809310345307,-0.06396677556129969,-0.1832140147674382,-0.02785136434321826,0.0075548237245099984,-0.0682880149835006,0.006504629422472887
most_NsUnfilled,-0.28632825020523545,-0.015228969610645453,0.06938711613505372,-0.07464401148382037,-0.07520702550889086,0.38527306209502715,0.4077834676413729,-0.03600952415136091,-0.08591405307889026,-0.041709800821359874,-0.08977892746460216,0.06185784519900244,0.16434829719333285,-0.12918152259274354,-0.08731880770088482
mean_NpUnfilled,0.2641484054992729,0.010329595156844583,-0.27328529922537526,-0.12443344469080612,-0.10512975297155319,-0.04084018745187007,-0.21448068200829337,-0.087606921425046,-0.1559208398274014,-0.03405986039909877,0.6910401531708044,-0.04053076806616563,-0.05770999630495227,0.10947116292206563,-0.02702770841920875
maxdiff_NpUnfilled,0.10454860291229028,0.022955997589226465,0.12492518550262274,-0.0871102343938239,-0.06279018514474227,0.07782220384500116,-0.043374998431488815,-0.0876202821267984,-0.06187198839966176,-0.021766128506030304,0.8789416404534282,0.04878078352074644,-0.048700798329211994,0.05816099579419289,-0.04159076708891294
dev_NpUnfilled,-0.16509735223600502,0.008850969460370966,0.03141874149674826,0.021268048446296414,0.23936311710243305,0.0972585080665686,-0.02369928663776599,-0.00754405391634681,-0.01641800139977268,0.02769665527045754,0.8653702215542685,0.06506231519935184,0.07288576429028931,-0.0511094459654277,-0.03359750944468548
max_NpUnfilled,0.1089364504291705,0.011542958617143254,-0.022877595333600478,-0.14122502745675203,-0.0831088453933486,0.07342878261367637,-0.09895052010591641,-0.0861950086195382,-0.10012135725567271,-0.03656004442183616,0.8647534208989345,0.042353001479897526,-0.05158472150424131,0.08429723975528516,-0.051795456556260576
min_NpUnfilled,0.017681374263247965,-0.03959687035823861,-0.516529981631162,-0.19199649814690573,-0.0727417617939982,-0.013747090613471584,-0.19617991369185692,0.003107416515915072,-0.13571331204874962,-0.052443648268379585,-0.03078814040545842,-0.021523528113983323,-0.011187214032070101,0.09307885567818326,-0.036751276363257986
most_NpUnfilled,0.29678389570682245,0.02755478631649995,-0.24992285489778687,0.0152265379238785,0.1434273494792633,-0.19910795874388873,-0.13295147036449007,-0.09676567618227601,-0.05313096066215833,0.019526516373474398,0.48290764497681304,-0.08026631101851367,-0.1186999472785679,0.05169385219961461,0.04506633816430235
mean_NdUnfilled,-0.3637735841628988,-0.021897807344740897,0.046447864884393425,0.7094072957836399,-0.060022049415647795,-0.11320290539599254,-0.11101822708213802,0.11606413127520522,0.13444791440626064,0.11003204209060308,-0.11682939910787511,-0.0497685765777738,0.21140980793346037,0.12736312039095601,-0.054466396222124534
maxdiff_NdUnfilled,0.03637237046301782,0.02775772685825666,0.14238519275014275,0.8858272686282624,0.04394640422264422,-0.12124875488277054,-0.05428407176195547,-0.08547142296023161,0.04378212685020535,0.1594580248975049,-0.05623753687669758,-0.016327026944923113,-0.07861149666447474,0.002803631286886587,-0.015750181853599356
dev_NdUnfilled,-0.1218074332153206,-0.010264609293048638,0.0745506501763844,0.8797363457848312,0.11366896287738319,-0.08875725196485656,-0.11968421237437447,0.03593839013155934,0.03901393761443869,0.15581770506900466,-0.04655515825231804,0.04906679519824389,0.13014347200708862,-0.011050596498877968,-0.057479654371120605
max_NdUnfilled,-0.0020831317089553226,0.025964469919706863,0.1328474797451406,0.8897402514045037,0.01846255756199687,-0.1401280785025849,-0.05284415890413689,-0.06907344055764948,0.05929093242294493,0.15793785981999248,-0.0931149402076981,-0.047628019064496506,-0.06185691966967995,0.034099697998442056,-0.017254207327722215
min_NdUnfilled,-0.23261228625692593,-0.00963328595593279,-0.05148057926493101,0.06510130321230079,-0.1532242022133634,-0.12067776044411704,0.006244851347842232,0.09593058761009028,0.09653323472393237,-0.0018350608674212172,-0.2273106076730107,-0.1914750216480561,0.09842281073942086,0.1908151228140629,-0.009897519238804643
most_NdUnfilled,-0.4463386747825201,-0.02356942866890385,0.08561176789959851,0.3368089983205183,-0.158790143165014,-0.04367981360785795,-0.07807994752701469,0.14365466183289266,0.11189827593878365,0.0326554262443819,-0.04836386526815381,-0.03949954598363034,0.24071221827756528,0.23783368791571655,-0.035356056712849936
mean_NfUnfilled,-0.20413461902217395,0.06162084984534428,0.08915010556668279,-0.08569350342210345,-0.01247251425455176,-0.05491325514892124,-0.08345058874496364,0.1751765277327856,0.007668284114524132,0.8088354399339185,-0.03984664199076539,-0.09459277601695261,0.12345014618602139,0.043508895938279925,-0.0441540048227759
maxdiff_NfUnfilled,-0.08706112546498065,0.16154920745353968,0.0025796505462244296,-0.02577665122288141,0.004930080975827264,-0.026313185812028236,-0.036227518752391656,0.0444573583528863,0.04125233527016963,0.9248605050572226,0.031467909492372825,-0.049844052187367684,-0.0041839009890076466,-0.07625811813312343,0.067584331868831
dev_NfUnfilled,-0.15177802183980904,0.11164088860782304,0.04272213339288092,-0.05360333373133418,0.03491630017578776,-0.024160596422599608,-0.06274287035692214,0.12478483968189118,0.015973546923231906,0.9124105504110345,0.03410340035278989,-0.02258572985919895,0.10090281301634584,-0.025136077774470418,0.0002650318301431954
max_NfUnfilled,-0.09456380010885257,0.15722773054440095,0.004624844326586159,-0.029568914233394354,-0.0011143025749356626,-0.031845350399220956,-0.03983596290645975,0.05215152446765063,0.04096772685410033,0.9266958531942308,0.022652513145479797,-0.062241374315678055,-0.003529519721662741,-0.07165980276282183,0.06456364485949566
most_NfUnfilled,-0.20086823324398298,-0.006288049894349791,0.15422318241942395,-0.10223927570727295,-0.04845470843194441,-0.055529900450669724,-0.059250362821003065,0.1724704273507739,0.002856040210820466,0.4327159949906533,-0.05450311411816673,-0.10095208466391664,0.15998548289865402,0.15391527591874243,-0.08906424549381042
mean_NUnfilled,-0.3079237954346608,0.018628462724655133,-0.024176466327532366,0.4315207645086187,-0.09548707102477542,-0.11129155529320142,-0.1497217444534963,0.154969009110793,0.02750148993967506,0.557687465295917,0.18158927073876224,-0.10946924161560179,0.2234207606345382,0.16612771078382602,-0.08069372662663549
maxdiff_NUnfilled,0.02294930001239722,0.08476218642711776,0.10283049833859287,0.478715116462229,0.03971570259500347,-0.05430690379185299,-0.038195564397163824,-0.0891150105497688,-0.11743937422591451,0.7521974497381051,-0.009536592072367523,0.04645066860627334,-0.13847391594824585,0.004203250946824209,0.07468832384958994
dev_NUnfilled,-0.17119947918123887,0.026834747314073724,0.059890313664574625,0.45776167386269984,0.09678362025270934,-0.008546834606929232,-0.10822927021477219,0.06564022779932757,-0.14126039657719133,0.7319367510415099,-0.00836281198152903,0.09684649416486343,0.08078588756135044,0.02499198373655842,-0.021656796589557735
max_NUnfilled,-0.06367119287784512,0.08247787690089117,0.04390266132696261,0.5228643122246064,-0.02579850285168927,-0.06771897284358618,-0.06212028546414499,-0.03461025616722223,-0.0706963276422166,0.7742683212681862,0.041126677904138084,-0.01768121278864953,-0.0746399753697158,0.016653334910501746,0.041744751702659996
min_NUnfilled,-0.276523289292863,0.00022894882848167303,-0.18032367141158112,0.18476895062018778,-0.20714633849631758,-0.04798716301236413,-0.0803562907807499,0.167324674251983,0.13983136660326403,0.138205994974224,0.16208241471205906,-0.20209882245558064,0.1929163376070113,0.040415526374848854,-0.09927255443103243
most_NUnfilled,-0.3564427094609977,-0.009705975683497542,0.032690626697150525,0.21071334415873766,-0.08863192040297124,-0.12656395867412593,-0.11714233279515644,0.16100087679661715,0.05159310434272054,0.2893629142851719,0.1827711612581758,-0.12814733351591548,0.2471588239923176,0.29576145455424396,-0.0686005576826727
mean_GSvolume_pa,-0.34048793981199554,0.04400220085133225,0.15682730265461742,-0.16349133307216973,0.13903829154824793,0.0031208473600592354,-0.08499003917990489,0.37323157376094995,-0.2662989955482404,0.06003311027391101,-0.11682017443340618,0.18149309257176696,-0.14132639322534205,-0.06495928206410877,0.5696982520173831
maxdiff_GSvolume_pa,0.17921112313542678,0.1219494491171971,0.12357075377248324,-0.09057759965531152,0.05481686532244646,0.04135905601382907,0.12569962181706137,-0.02891665852340312,-0.047797425894892,-0.02384809842974804,-0.005215394350850689,-0.027241736869110286,-0.04144826027093149,0.03664630833790993,0.8910838717003452
dev_GSvolume_pa,0.07805330218998682,0.11455294316012554,0.1102577421916446,-0.11765247931167357,0.17315466548681355,0.02695558631978682,0.08820666552913495,0.03233369812561931,-0.09647842052171988,-0.026329026601033242,-0.04406055010035696,0.034684435100674794,0.08890233934982854,0.014739735031040441,0.8579114255463367
max_GSvolume_pa,0.0682900230916054,0.11351313367405504,0.14374047023081554,-0.12606144527931476,0.06415258039202357,0.01391878207267226,0.07382056494832392,0.07447087015406802,-0.11803243712374373,0.002874075004950151,-0.048423087480740416,0.011999199089089304,-0.09088985281451309,0.0016059637627319886,0.8977090889596859
min_GSvolume_pa,-0.42000272298244473,-0.028358534059327024,0.08154176275770635,-0.139255596428497,0.037663514609341045,-0.10400107593597073,-0.1950537122627844,0.39604898351179374,-0.2712833181304002,0.10182322952933273,-0.1660893745762127,0.1497827080176544,-0.19122680905390957,-0.133341206235831,0.054937289313564314
most_GSvolume_pa,-0.4646365318476493,-0.04149054692222913,0.1279888649394169,-0.09641263727857426,0.05939054118329008,0.0700417784180288,-0.10320749809395126,0.41517834023617,-0.21422071103964968,0.03909619430968691,-0.08824804229520677,0.200920797678647,-0.15492492230885185,-0.029610141955290315,0.2057539823398719
mean_GSbandgap,0.05485458108242819,-0.043852014520160944,-0.11091265725999144,-0.0689980839137307,-0.026305563505902185,0.8799658508225576,0.08078444927661173,-0.1330213275348177,-0.07788922174760558,-0.04642571476481725,0.022311481778178013,-0.09306682050830663,-0.041751929417974384,0.01872698167474078,-0.026847343051941135
maxdiff_GSbandgap,0.16886578779746925,-0.05697466176566918,-0.012349239056434813,-0.07981209923269088,-0.09198529552182498,0.8732080265346872,0.09144788737806239,-0.13528390384760444,-0.02633335200468475,-0.038391430500077796,0.0741074297195383,-0.11831366864915283,-0.03317283245434495,0.14994695940509442,-0.012105325985674192
dev_GSbandgap,0.09557231623235503,-0.047079539330684185,-0.04121063103594301,-0.06984298640329603,0.009071757961049594,0.8935852503950832,0.07464276361581872,-0.12397383381417064,-0.03799718364774381,-0.03327032443661898,0.04592208906479262,-0.08185545567180084,0.006954847990471075,0.09348815745176266,0.006553574967011848
max_GSbandgap,0.16430145575198718,-0.06539144844922692,-0.03255340924902688,-0.0852265361648846,-0.09475432278199561,0.8747708909768729,0.08731192815872912,-0.1388287018009055,-0.033279427698643185,-0.04123659484632871,0.06960119145619388,-0.12661807905384168,-0.03514429237658219,0.14917320904124381,-0.017550949221072323
min_GSbandgap,-0.03020710100147371,-0.08929632693872146,-0.2030062437114605,-0.061379508383890155,-0.03605671026144388,0.09524827621021244,-0.03298691918882227,-0.04775682363975995,-0.07180665187907945,-0.031929983771262896,-0.038268108803869084,-0.09376726902595774,-0.02272402008765579,0.005943087743694763,-0.05551660816994014
most_GSbandgap,-0.003941344260179045,-0.006930837845351957,-0.10729886599544716,-0.030003209434260433,0.05554709287061433,0.7585111275455775,0.0661699010419113,-0.10981108816888611,-0.07794511114801182,-0.042411510509662756,-0.005355657719714899,-0.037811590421711394,-0.042528686857934796,-0.06470136574156467,-0.0027978844418583733
mean_GSmagmom,-0.13821094154006508,-0.08101945428433534,-0.01771560218603871,0.03251408620488999,-0.06516906892583153,-0.005855879888677513,-0.11176094490036807,-0.0026517377887429147,0.8605392709758772,-0.021214588381649593,-0.0041653549701961435,0.04379504974482,-0.00553095379511336,-0.05663454774337999,0.017836298525722705
maxdiff_GSmagmom,0.01591800119308523,-0.10877201948523654,0.047099639561707235,0.008787670668136306,0.06493363718354658,-0.02893919685578822,-0.06688798377230264,-0.05336169725794329,0.906355646880375,-0.061660488097990546,-0.015761412928434276,0.06503082053778216,-0.06647282650530943,0.011621323166685682,-0.05691457948200411
dev_GSmagmom,-0.05450142688493791,-0.10861684491208867,0.0055787183575853674,0.02769525592778561,0.04322030525934462,-0.015007646640689149,-0.1085679250708891,-0.013306473367247003,0.9201609262438702,-0.05285061913793653,0.004738376413740058,0.08173336701121801,-0.001195283740007317,-0.022397405141295065,-0.02747993835144963
max_GSmagmom,0.014624442369671262,-0.1094983747465119,0.04606538803714484,0.008364767671768653,0.06374764614316894,-0.029639313236515342,-0.06723905220403728,-0.053054678437422176,0.9072579239655229,-0.06186447444427659,-0.017077815497098463,0.06392286290294417,-0.06641474521027285,0.010971333079452226,-0.05699953167636811
most_GSmagmom,-0.21499491618229857,-0.022270552711751917,-0.023905944964125535,0.043314516958382746,-0.17012147011300172,0.026795186869337913,-0.0825961320465548,0.019119349098691295,0.5227912976702588,0.020889741253727476,0.0445513218953237,0.00438165200646182,0.000646845602405762,-0.059838590552195516,0.08051285833382762
mean_SpaceGroupNumber,-0.894906120883117,-0.009232707969364602,0.05327369458433948,0.026801617283522976,0.026072374905132742,0.17541320381185013,0.10690972490607868,0.10750018095955857,0.04022202641914881,-0.012365015791265253,0.08334597231229482,-0.0036647120312540893,0.024611232237179776,-0.06160348640724129,0.014253824423896246
maxdiff_SpaceGroupNumber,0.8471393789091216,-0.016773408649181473,0.09042179808917285,0.012093012551874649,0.18265595068048737,-0.11076856448554818,0.10476523108304914,-0.10261177725587396,0.05464774130182264,-0.06096074304403165,0.021256708465846434,-0.007514213531792704,-0.04386042590332595,0.06198737786884576,0.0021673960759957586
dev_SpaceGroupNumber,0.7354914363991736,-0.045238844239492725,0.07743381864974543,0.039792600094549,0.4141708461206056,-0.14610580705412954,0.13445619528260302,-0.07740762955594095,0.0937682709033703,-0.07256404551631172,-0.0006605120362970057,-0.029629064256986824,-0.0029898328257927263,0.021783861591536346,0.004380709474838673
max_SpaceGroupNumber,0.03954460373687136,-0.02481826659265274,0.3270657784615246,0.1060949408626918,0.07906205208285301,-0.1200226579561888,0.3331605790334869,-0.03502603486262331,0.14326275253547466,-0.1694697970982974,0.10415375534345522,-0.06424796401567259,-0.02572054190693951,-0.013945410154732918,0.12115204804171276
min_SpaceGroupNumber,-0.8658980320775337,0.010603710677726174,-0.004562916111380351,0.016358956653514646,-0.1675045612093054,0.08196479814097724,-0.01774750074628438,0.09665531148780479,-0.01756359856068978,0.01696443339208778,0.006347642929621045,-0.00970880173317204,0.038389088194197306,-0.06794267139705114,0.03072819554267345
most_SpaceGroupNumber,-0.856058897064058,-0.0013808920181944536,0.03386063643364201,-0.015519329083976543,-0.16136415021746367,0.28451967234976083,0.03747448864675468,0.130033921935246,-0.018661626859053464,0.02193150024183865,0.07720527024606842,0.04300605209197434,0.07477103608855559,-0.0569350261314795,-0.025385522932406316
frac_sValence,-0.07823192163960771,-0.347268579380791,0.20304339861091755,-0.022947206919128965,-0.0062852067852975976,0.11992405552943995,-0.10481305534192009,-0.643238215451766,-0.07911839929509015,-0.02823797320259386,-0.07403136466262647,-0.386940810496001,-0.17996616530158677,-0.04610263949607089,0.07293467840902329
frac_pValence,0.822293305174328,-0.2566471719653351,0.05335350846789093,-0.032191883290384804,0.07090765189202548,0.10528545930877313,-0.0037500760564004336,-0.27290189900323053,-0.08027994950017088,-0.059170895038014135,0.007757426769099764,-0.22016148357319887,-0.05069089184785466,0.06745908818803553,0.05687897461388566
frac_dValence,-0.4372810853747365,-0.09100615681368883,-0.2525694873347579,0.1084288664487809,-0.051948107725272134,-0.1237420590200792,0.13048483007815012,0.32117511153061684,0.17054689433057627,-0.010908082977888221,0.09745702229189863,0.6123492265801254,0.0019909866721493554,-0.06882506124964204,0.020492431405545734
frac_fValence,-0.31438493598406825,0.6829340630923564,0.09884330115229534,-0.08300912252321825,-0.009382989786911817,-0.05757148284637628,-0.07813089349524018,0.4131828760707978,-0.0627174400205925,0.10341214630153212,-0.07370808572794882,-0.22051655135671908,0.19814955556248534,0.04765524319309372,-0.14855945991038388
CanFormIonic,0.4736256910090219,-0.025082411912560214,0.01175190898737087,-0.07237873895530939,0.20170970901071503,0.17437391867179589,0.014510727391314527,-0.11846686615816357,-0.0839058160656966,-0.011351858325675715,-0.03070948055987174,0.003551607086689264,-0.07705261274191456,0.07287365875007241,0.06781625262071736
MaxIonicChar,0.7831609062403045,-0.0032715615129788943,0.3313562246594111,-0.009042346993145484,0.24824588023408636,-0.05029551112007657,0.11357069950504087,-0.2415457356503852,0.03674340942391463,-0.03435740546679071,-0.0836084258750551,-0.10008484799511555,0.0630462378217246,0.058119303778615655,0.18062666580234898
MeanIonicChar,0.6868410022803888,-0.022376016949601906,0.2925022845120497,0.00020952714771827936,0.45775560918243724,-0.13103856019957635,0.08421383844188304,-0.21810854973026444,0.026229364746397706,-0.028994822255366242,-0.12812339781326135,-0.09526705575200199,0.1186178792220108,-0.002359448836189571,0.16246658925642
