,PC1,PC2,PC3,PC4,PC5,PC6,PC7,PC8,PC9,PC10,PC11,PC12,PC13,PC14,PC15
nsites,0.05457259297344153,-0.0255729326465488,-0.04170164430036374,-0.0149758682457,-0.05879539185114241,0.00796160623570627,0.03300832672115239,0.031817802843273076,0.018998893334484426,-0.028966199495298862,0.02486746795868906,-0.06432413104397203,-0.03359749205341421,0.062818137552308,-0.03442850843982264
nelements,0.08611749895707554,0.016974080906349692,0.004771307012730486,-0.03331841035065669,-0.018646099490050305,0.037863595151578104,0.07082004525052701,0.03071498889508456,0.06546651018962867,-0.02565881946876631,0.016434242236177822,-0.07186621582890328,-0.06763091960272516,0.1272557214668074,0.0007430530451421613
volume,0.028500971041270973,-0.012835624674714607,-0.03974723350181475,-0.0342423205403115,-0.057289376938278014,-0.019105757729880025,0.011665401215278426,0.061449369391479075,0.01089195266627939,-0.048934146686562915,-0.011248080754661799,-0.02455290786256159,-0.07807235598530188,0.12084332938953296,-0.018848643632661574
density,-0.0766190204102284,0.08483786334223709,-0.007537860766937465,0.014609510356970709,0.0386692613653791,0.009566400671322993,0.06370784432013508,-0.002657874367950147,-0.004129664060716028,-0.004333560671764311,-0.04452603388587104,-0.02988559305221461,0.14852237619920733,-0.08765242054578552,-0.006162836260627233
density_atomic,-0.028444023244194646,0.0013956686879819102,0.00992950598249523,-0.035063024767971865,-0.00416008033627524,-0.004967628029077881,-0.010987964472412737,0.019841391427587868,-0.02393021029493772,-0.02519173481211305,-0.04369925686713933,0.021115438851086955,-0.11557078624324256,0.16925931224860472,-0.060297022590209165
uncorrected_energy_per_atom,-0.034366544890934575,-0.03692143328166378,0.025247642817554206,-0.11474844061363546,-0.003170819215359527,-0.09650836289012568,-0.07397816906801169,0.015040276734169855,0.034699325445445406,0.05465425820456135,0.034784001971684644,0.04052680748642162,-0.13877258858444166,-0.02947181122594167,0.09169075295076716
energy_per_atom,-0.04713038480719842,-0.0356325611981355,0.026932058848789353,-0.1171187344771368,-0.016324190003941697,-0.08488713231947989,-0.08121984251184372,0.01933947743733693,0.03829549655946566,0.04553208538469353,0.0399279505207739,0.036588989771157876,-0.13364842889957904,-0.02394405087711088,0.09112139304041281
formation_energy_per_atom,-0.0967361624577976,-0.04517149860066824,-0.006060554291692,-0.05873811238394527,-0.022607863209471668,0.05823342802098149,-0.0008353596619232184,-0.013270682032242853,0.0544100951760072,0.006746267358365171,-0.012562844072140603,0.032654338939430635,-0.04984500423300439,0.06683082306561655,0.036297608542989274
band_gap,0.06214150455257929,-0.011311976219924849,-0.02028683308971488,-0.033210497058645816,-0.0378990968338277,0.0013474622761676797,-0.05393794165372867,0.019964993304073614,-0.03936895177404377,-0.022126012094662362,-0.035680556843832645,-0.051644003547736406,-0.007206146161842786,-0.00485587329657905,-0.021073475739771683
total_magnetization,0.02063350627256442,-0.015614886690718727,0.005155384774161276,0.06645420988569783,0.04690998784013117,-0.0037241750434939477,0.05379018968764837,-0.024108746330818498,0.0665757252545282,0.04490725357431937,-0.06540273329469601,-0.0376331819791421,0.0030284829163336746,-0.014163461844545117,-0.03188374866742261
total_magnetization_normalized_vol,0.009780076725122109,-0.013780933460129622,0.019455866311221252,0.08956413076591696,0.07163766567786445,0.006411621461260536,0.060012953540865444,-0.041178719619546014,0.07200602153041297,0.06964931949084258,-0.07761921706153488,-0.03553876890067563,0.024199812233063268,-0.04618973540583321,-0.025607659980817266
total_magnetization_normalized_formula_units,0.01748802402153675,-0.014104077955339333,0.011757452277968759,0.06913793140710567,0.05405357091288282,-0.004206698456721947,0.06006506232226516,-0.03423768313668296,0.07349151222719333,0.04773361111768264,-0.060610883133600066,-0.04019547764620893,-0.0029469431938040913,-0.007351445994386224,-0.01826235124537383
mean_EffectiveCoordination,-0.06225391087806265,0.03583677845318076,-0.012583381875112045,0.02388026852284951,-0.0886566833350028,-0.06852993672657715,0.023972066066354,-0.03090730465116026,0.07027362531418989,-0.03680770405815076,0.0008668402327012825,0.056706371780566575,0.10424479374177492,-0.1680994070997583,0.020168118178012534
var_EffectiveCoordination,0.06184404669628355,0.011922859541821816,-0.06970589807833018,0.008923728834804147,-0.0479833249916124,0.009376035512573377,0.01123966007568758,0.06663891523919115,0.07608417400127435,-0.05798211304086735,-0.05708885821421222,0.053999855607774094,0.10859396002613267,-0.047253299803641326,-0.0700676709614252
min_EffectiveCoordination,-0.1028058420133907,0.012288201035778148,0.0394035324222861,0.019677646342934032,-0.027546348826632455,-0.03415212937410017,0.008961345204531734,-0.05575201731339252,0.023153923189099604,0.004445559811041722,0.04256252135170052,0.013103541156828505,0.031027862187522556,-0.1082634456303409,0.04542651213399458
max_EffectiveCoordination,-0.018580295692422845,0.022066458888551004,-0.040132593890189014,0.012928750395354214,-0.10262909888719754,-0.019852663222203498,0.018961973955631956,0.011371076596260798,0.13386110162132264,-0.05891617775843322,-0.007741719763037946,0.034611322235244935,0.13120157041148392,-0.10312805100762035,0.00034922499004760854
var_MeanBondLength,0.08308651994625527,-0.0194605383647197,-0.0790830562436652,-0.021698475728039,-0.05889835505803614,0.028893440660721102,0.00781669423834512,0.0710323010596011,0.032511945447892376,-0.05282788764737176,-0.0803679121117502,0.015038332691065023,0.04235143699087085,0.03680355676994021,-0.0498605234815808
min_MeanBondLength,-0.09318494426803527,0.008118127298448997,0.07145833393919669,0.030250795746620585,0.0690457043692968,-0.001189172629082049,-0.011773416253176988,-0.04841062699434612,-0.023360320042595972,0.03473712754148789,0.06393752120862493,0.0021898055527579396,-0.01623077215064088,-0.037385936109320395,0.03875687189715549
max_MeanBondLength,0.0673457956347055,-0.015580356112575286,-0.05339228226723467,-0.03316447637411182,-0.06398189105854041,0.04780177349816085,-0.000931451804821808,0.05321631521548083,0.06918405766845696,-0.05392636128928141,-0.051654137097132985,-0.02333144024959158,0.039153005603440094,0.09393891475531624,-0.008925850881018813
mean_BondLengthVariation,0.0332260230092844,-0.037109789931264646,-0.04260812658532305,-0.05803922713579686,-0.010213896418030829,0.08602172482279906,-0.0037492579201141036,0.042520530207312085,-0.01842824246942948,0.002035787709156356,-0.0814418519116007,0.012704098091034122,-0.08965658054674325,0.2035872175081564,-0.11636896701096554
var_BondLengthVariation,0.08347511336087918,-0.01592082740308952,-0.05473530974972732,-0.01704444781020209,-0.019518250230288546,0.0371798275353998,0.0009370698747236293,0.061341873451698996,0.019111089244165186,-0.029981314754278204,-0.08267537487253207,0.00116624140828267,0.020730043400450884,0.03726531124054572,-0.03438103094992115
min_BondLengthVariation,-0.024926160213187987,-0.021052752770328115,-0.0012520592709564324,-0.04720101233471571,0.01696125300281109,0.061379104950313644,-0.011111442618426424,0.009386038074248267,-0.041275705421864754,0.008966757734183414,-0.04896021097891809,0.0294027752909424,-0.10022649745793566,0.20369260718104656,-0.10214622290107311
max_BondLengthVariation,0.05540121406761692,-0.03729049222734109,-0.0520211888081964,-0.05893940752408493,-0.022895221817745896,0.08875118044277736,-0.0011429832912240605,0.05526006087618914,-0.0067304700882584514,-0.0082186393201866,-0.0896839845885718,-0.005489773446610502,-0.07961821578767159,0.18076394942409077,-0.09322032208424608
var_CellVolume,0.0741413757326115,-0.012929644349791412,-0.07593574049989102,-0.022938416540771295,-0.05542163408372407,0.030792867069467447,0.01977577968678822,0.0723828798979126,0.031739716162279524,-0.06034244879978663,-0.08528895021973398,0.024559595230552497,0.040736080015874476,0.043205355541726276,-0.02429539212779394
mean_WCMagnitude_Shell1,0.07457225987478726,0.020156636706613662,0.04731645235498641,-0.011578050312809013,0.057425128776084876,0.04142753019809624,0.019056451609028847,0.009865116777782896,0.0058673732792925044,0.0011661220040247986,0.05741841715210316,-0.1027981587232472,-0.08461644927126169,0.1044101363756299,0.06086592349262243
mean_WCMagnitude_Shell2,0.06440780433760956,0.01567906008916027,0.06174250291150252,-0.0050321778309966375,0.08574974893414898,0.030995897095796053,-0.0016682335247590783,-0.014434595016155561,-0.03420329819127481,0.016308894574916473,0.04795697131441344,-0.10242004643076887,-0.08762416442245556,0.12307311311469449,0.08926526960510289
mean_WCMagnitude_Shell3,0.05068990723268904,0.009093602321745796,0.047490571747543994,-0.0007194188832015687,0.07447698095118309,0.03062076215007645,-0.007049362726304004,-0.014936227078970757,-0.03977391833119904,0.014745064500025233,0.039653157571297795,-0.09224019248244977,-0.06840757909235516,0.11100595977838482,0.10695194165770527
MaxPackingEfficiency,-0.0884224328741729,0.03305819649981019,0.07158776007632554,0.040966004219838176,0.011445205840168027,-0.052734489381594606,0.002927398460910526,-0.06324635196175252,0.02423058649073434,-0.0004070019661696788,0.0739290292256977,-0.00999185429724698,0.04677701495025942,-0.1271418055801359,0.07784339631410708
mean_NeighDiff_shell1_Number,-0.02222961908913129,0.1482983575998208,-0.024764541291221465,-0.02671166153130021,0.050108588904593285,0.058969833485160154,-0.04956463112280487,-0.05102362467175088,0.0007087747590238852,0.04635283250874381,0.005006173733245714,0.05254321745910689,0.054915613330189114,0.0006636531362767956,-0.06381440693435948
var_NeighDiff_shell1_Number,0.009263383962372588,0.13284581586780844,-0.08821321406136667,-0.020220638853246427,-0.027295801912887375,0.002400451114121612,0.021133229105792958,-0.0741903900382698,0.009850313092484606,0.04845427798669336,0.02638012838586582,0.028741704548667653,0.0023354324741813558,-0.03384988151382608,0.0445041888280368
min_NeighDiff_shell1_Number,-0.03977033409373152,0.1113071224689788,0.011222776877878518,-0.01679543449340256,0.064040156418528,0.06646095788009422,-0.06957116001571352,-0.02963589430538714,-0.011217803217497333,0.03435682355953471,-0.014728770637477387,0.061642902470425746,0.07532231364994113,-0.004086092427224685,-0.11682790080083122
max_NeighDiff_shell1_Number,0.015378255315000634,0.14846076407597608,-0.07901884467964303,-0.034007712529113464,-0.025312845953346996,0.024475860636105424,0.00459073646670116,-0.0786556717152319,0.02019032030481466,0.0513248922459095,0.04571365578248043,0.0024701697223855957,-0.006620819673162146,0.02884655136451729,0.04023477378307511
range_NeighDiff_shell1_Number,0.03698185255702664,0.1118792153086201,-0.09442818172314017,-0.029935180373419336,-0.06016861663502316,-0.005369177208106528,0.039600093428068736,-0.07379518382725744,0.02826086753414919,0.04071926390718824,0.05870502649225205,-0.027734253908830362,-0.04473009180429866,0.034466482814404564,0.10308069088399542
mean_NeighDiff_shell1_MendeleevNumber,0.03744532694513604,0.07410249730475647,0.1591246874449366,0.019273497740468024,0.03842666461093754,-0.021417633677620403,-0.03846814538434999,0.006935260417450045,0.0027408336385957113,-0.04366608902876531,0.0021102638372486426,-0.009496691262538636,-0.04170777894648013,-0.05038371561029681,0.006694378469601409
var_NeighDiff_shell1_MendeleevNumber,0.07201109962177477,0.05126094306660854,0.06417230921899778,0.0064166035734011155,-0.05939786806734229,-0.08358389398730035,0.024460019730535656,0.030294929969398497,0.04546818645752214,-0.0625360503818003,-0.001545633318776749,-0.0010568438437531772,-0.03651201004921746,-0.0706262563756115,-0.04199763406888193
min_NeighDiff_shell1_MendeleevNumber,-0.00542923797766953,0.06623658167060212,0.14594221131714913,0.03483986892927234,0.06481089329770326,0.02191451682051352,-0.06273539517346026,-0.004629647141523005,-0.03300042301894202,-0.01988293558494748,-0.02149861760799493,0.020071365605882113,-0.016656188566758993,-0.06596133441347972,0.03430718766805123
max_NeighDiff_shell1_MendeleevNumber,0.08039603369290484,0.057681161431994296,0.10089645605991897,0.008583731586307623,-0.0437141213642616,-0.06450449264397753,0.008467328910304012,0.015693131313375526,0.04531726460978942,-0.0626947454787393,0.01798720538794705,-0.0391852170863492,-0.05199627442023635,-0.021787560275418193,-0.031056220153978454
range_NeighDiff_shell1_MendeleevNumber,0.08808496512271317,0.027624668105459493,0.03306358032316942,-0.008561205014069952,-0.07927154337553288,-0.07957976829316964,0.04080839436618378,0.019004741738528806,0.06483785460830092,-0.056457989464147415,0.02999609187538783,-0.051771383564046376,-0.04673950436804459,0.010332623832663389,-0.05036423637617794
mean_NeighDiff_shell1_AtomicWeight,-0.02814669462557631,0.14883709762656402,-0.02660374787601183,-0.02830925754815757,0.04636371791790439,0.05537044454273993,-0.046713314400203404,-0.043859144339378806,-0.001707679964531455,0.041171904092148055,0.0007152763733193726,0.047437222467861195,0.051679659808768603,0.0008843851870441086,-0.05965839772005954
var_NeighDiff_shell1_AtomicWeight,0.005164843318015481,0.13535620871485937,-0.08680968085548618,-0.021581013336809608,-0.026317182184552115,0.0014094908229568487,0.02054796347652751,-0.0710414638273034,0.007993375143551532,0.045919957099593026,0.02533436302566744,0.023840056033198772,-0.0011226679462156227,-0.02878141804431263,0.05116788206897699
min_NeighDiff_shell1_AtomicWeight,-0.04579837522660511,0.10996121560812785,0.00913648889845059,-0.01866810774331236,0.05916182943803559,0.06402441980351428,-0.06607218706076634,-0.021153163584980067,-0.012873946892825732,0.028842789974124892,-0.019904478431225614,0.056749552017760385,0.07262814972315028,-0.004864993757932184,-0.11653488063050317
max_NeighDiff_shell1_AtomicWeight,0.009553400415853923,0.15016743462616144,-0.07905692465198606,-0.03481768723308689,-0.026112034120935122,0.02168827548644375,0.0057257052574131795,-0.07315362322455417,0.018370690371159702,0.04748859097341671,0.041768314820509495,-8.150980760837491e-06,-0.008482910562111068,0.03002361947695332,0.046260947394156426
range_NeighDiff_shell1_AtomicWeight,0.03293239578946645,0.11563510399168118,-0.09334790916755555,-0.030118569494913497,-0.05803113133552454,-0.00662190099808953,0.03844867291008335,-0.07203423890377045,0.026899762616555304,0.03944146719338731,0.056622899305917344,-0.027501346828679656,-0.04472594594630296,0.036126843413143074,0.10848848598429797
mean_NeighDiff_shell1_MeltingT,0.035934683706059706,0.03434373288906626,0.004977425602824408,0.057905754844728756,0.0791417239332439,0.12403702024090385,0.06402778816402539,-0.04655202827294702,-0.07559527475311234,-0.08465274272021532,-0.014927349813016506,-0.003406644556618737,0.06602628260028624,-0.011307409814811235,0.05395698702512151
var_NeighDiff_shell1_MeltingT,0.05906982395673509,0.009897859362371733,-0.041901864880033286,0.020914890912267295,-0.020765221067091482,0.0802299861991108,0.11567869392120328,-0.033277508766910324,-0.06137165532977291,-0.08419894697739065,-0.04136126549214192,-0.0018859827496438097,0.029351901487046334,-0.06685369563494342,0.06969825390593405
min_NeighDiff_shell1_MeltingT,-0.0003087590438146608,0.043514142503162594,0.02160735046431758,0.06673604889099007,0.10443858330088329,0.09369351143498088,-0.0034492602026315405,-0.0445943539738681,-0.06829391881966497,-0.04997630897595456,-0.009734986692649102,0.028654860361458444,0.0825134154207839,-0.015729762954047464,0.0022281389114437024
max_NeighDiff_shell1_MeltingT,0.07101647295053298,0.021407642231275174,-0.03247887163942341,0.0237080535404752,-0.010739931865146633,0.09190435241521314,0.10776459976883218,-0.04922858155113894,-0.06506664355066336,-0.08959869650361653,-0.014715024912741376,-0.03362092488112789,0.016046355080396063,-0.017329405725772042,0.07789286253995409
range_NeighDiff_shell1_MeltingT,0.07491017179326251,0.006798714151691428,-0.04202882243049213,0.0008169768987194468,-0.04911111977417405,0.06288838105492699,0.1147519385837825,-0.03571028640819048,-0.043814263420229545,-0.07628241397782584,-0.01197530360675858,-0.04578238569742311,-0.012963011083372798,-0.012559235280153997,0.0812345862547002
mean_NeighDiff_shell1_Column,0.05457519240002944,0.05585884835336713,0.1453559903134176,0.011037912364047515,0.06194130088032913,0.03894266821342061,-0.03957706739920313,0.010745055492423793,-0.016553220875779814,-0.042205728324322705,0.016761675983813003,-0.049222584381638276,-0.06682480301955587,-0.08497135039448213,0.048704577091612286
var_NeighDiff_shell1_Column,0.08121602116888345,0.03255578658124733,0.007472045096240589,-0.00314946562771277,-0.06430532187013424,-0.046489064733772005,0.04296509340645066,0.059498760360992796,0.043681059155657655,-0.07806393974863185,-8.25843160108162e-05,0.009666032714892463,-0.03720358334553663,-0.14547186788751632,-0.05716181277043917
min_NeighDiff_shell1_Column,0.005810616829154182,0.05761912489816083,0.1394486901542588,0.033930125324236504,0.08818727559461463,0.05182427623993506,-0.05599997400782296,-0.015545768723896828,-0.048550090272923986,-0.017629221491702676,-0.008191631837031033,-0.0046201887364415205,-0.017649168286735708,-0.07958084389081027,0.07185516947838669
max_NeighDiff_shell1_Column,0.09700268702107068,0.044599273605661974,0.06944514680986515,0.0027393166642249557,-0.014312140819685917,-0.025011028457858558,0.020909355397152406,0.036620739728703305,0.04174733416240146,-0.06949270259700167,0.0349446053762418,-0.041174655994782275,-0.07143763438280529,-0.10090593746893034,-0.02467509101736861
range_NeighDiff_shell1_Column,0.09257277505465801,0.00728448364457067,-0.02058587867230516,-0.01906462318391669,-0.07082792365610485,-0.05810350847632639,0.05671233268407198,0.04633759695741813,0.07261702927099811,-0.057673206526881814,0.039951962588314925,-0.03791151359964153,-0.05959131036613074,-0.04908511520464551,-0.0706304468096352
mean_NeighDiff_shell1_Row,0.02866700213130893,0.1345244402796902,-0.005338973596765382,0.008674520800730792,0.045929621986399126,0.06150950603550144,-0.0855513773750759,-0.07134402372275744,0.008642601672728609,0.05101117578988152,0.0009955867073502165,0.08405403599277998,0.08440917770768057,0.009621929986707288,-0.054224114164074785
var_NeighDiff_shell1_Row,0.05235424168209338,0.1024089772441882,-0.0639103524738006,0.018313934432285305,-0.034299186272536974,0.007500079488536596,0.02498181649830217,-0.07177422253429276,0.016651401146054595,0.05349622311963996,0.011284319570996619,0.045599912602953346,0.031236167363108955,-0.0572518617817007,-0.0008199315805140065
min_NeighDiff_shell1_Row,0.0005699091798322739,0.1105630123495353,0.009211423733939999,0.009588050597421719,0.05609896671012205,0.05582471639883585,-0.10970682647901955,-0.05592029334000544,-0.004071888177312792,0.03794095001548227,-0.011714539150580485,0.10147309390414062,0.09824712994322231,0.008047887399076978,-0.06802848507401685
max_NeighDiff_shell1_Row,0.06416760245395782,0.12319519118523423,-0.055706215438157895,0.003628948468612229,-0.035645707661731994,0.03643151007826598,-0.021409823251284477,-0.0842674995546253,0.02693359386849091,0.05689696867643722,0.035252825187480595,0.02326207401320912,0.028137453623263812,0.027310643990727555,0.008756914322393929
range_NeighDiff_shell1_Row,0.0734622566454847,0.07078144974061805,-0.0700047942080311,-0.001978448396667107,-0.0770172094675168,0.00608724712025453,0.04577818897302619,-0.06106359985434317,0.03360183554212733,0.041111812012416656,0.048078678945585276,-0.03836256590666964,-0.03068273275275592,0.026257021840278238,0.05373682882570275
mean_NeighDiff_shell1_CovalentRadius,0.06951347543917184,0.1023121978143562,0.07958971913979339,0.03158727114516075,0.03438339131807637,0.011809884099008178,-0.09272306491127111,-0.0443227401043836,-0.0033568021658044226,-0.011006548990791993,-0.023324199286324957,0.02239758551507483,0.049366355169928794,0.007870638765514911,-0.029967239723823934
var_NeighDiff_shell1_CovalentRadius,0.07195903448753009,0.07743791854387462,-0.029391660277726852,0.02905149910874782,-0.08871818912309878,-0.038425874991761325,-0.03209998821878817,0.005852231657133225,0.040318259252483155,-0.04592086819818916,-0.07313319849011865,0.07872505638871478,0.07602185245112655,-0.06720646273965106,-0.03428340863487778
min_NeighDiff_shell1_CovalentRadius,0.04313638914781929,0.09165136734584009,0.09518095344694145,0.036850375234101604,0.07568226863927188,0.022712185498262902,-0.08921418852160298,-0.06522482086931204,-0.030464066700182736,0.021585367179800988,-0.00028969917256049067,0.017300341496767232,0.042505669644760095,0.004523079006547442,-0.02856673227872341
max_NeighDiff_shell1_CovalentRadius,0.09107038118621133,0.08975318409998789,0.018299238230417503,0.023428147955427255,-0.057128053226100456,-0.0158630446638709,-0.06517122416959398,-0.027066638088046567,0.04062766519956264,-0.0350899331393038,-0.03910477958584388,0.020761187861182865,0.055727794578646,0.022522681127239742,-0.01045150491148304
range_NeighDiff_shell1_CovalentRadius,0.08344803238411372,0.05085364562010864,-0.03849270970871079,0.005017302749599431,-0.11797269170215438,-0.03384211152349621,-0.02244860440612546,0.008672076433463889,0.06897804599739005,-0.056557101602897696,-0.047477920523422965,0.01425424533864341,0.040773497447582054,0.024562716031793774,0.005508140800892776
mean_NeighDiff_shell1_Electronegativity,0.09574151066866614,0.046259201536952246,0.0874974918198258,0.020200689524105756,0.07844480231775879,-0.026823259265844543,-0.03192427166435457,-0.030933014222305096,-0.04280944156111094,0.018218497471249824,-0.003284391184123867,-0.04202643411678244,-0.012915956732184257,-0.010706816820837997,-0.041757558061610446
var_NeighDiff_shell1_Electronegativity,0.09407681255428833,0.03120003738164313,-0.031830019171366124,0.01805719767194676,-0.04643094357043787,-0.06915684828425082,0.01519317745234628,0.020442443875945966,-0.0056386886154481735,-0.02279787218074156,-0.07003282831960912,0.05056821119612745,0.029301518965795824,-0.11734424473617734,-0.11418346139126988
min_NeighDiff_shell1_Electronegativity,0.07061749789348797,0.05050537347857729,0.10701224825657316,0.024459076660668478,0.10716587170991648,-0.014509624846231339,-0.04806225169811938,-0.047090446266882885,-0.05338706466747297,0.03704721987588098,0.007326628479805017,-0.03854158721057164,-0.005805537753593243,0.0025797268359085777,-0.006137128514702722
max_NeighDiff_shell1_Electronegativity,0.1161264594851004,0.037838471209602806,0.028167217059900777,0.01251974248523852,0.007839659010446145,-0.052498477438667805,-0.0011531163124219774,-0.010704555483164126,-0.011161506062568357,-0.0012361003383819865,-0.02813658846743103,-0.02324984000760655,-0.004361522410704749,-0.030356642202567695,-0.08048751223333314
range_NeighDiff_shell1_Electronegativity,0.1024732047949402,0.012313323137845418,-0.04404381933287955,-0.0018651527701364376,-0.07157466238187725,-0.05967552744317318,0.03528660320061536,0.021660914462992276,0.025871298243362352,-0.030065156089902585,-0.04356024605846834,-0.0018102946949983918,-0.0014316281231040952,-0.042915446445738116,-0.10383848738562318
mean_NeighDiff_shell1_NsValence,0.006834571981307511,-0.013446149728627413,0.13234977317626748,-0.11959704104455196,-0.04120687203091771,0.047857770933105094,0.08500101089221176,0.004541772351537779,-0.030632341381680434,0.07816390813428412,-0.007307768809589617,0.0392733590481436,0.09012185803942874,-0.021029518068629346,0.005995786096852886
var_NeighDiff_shell1_NsValence,0.03901513285697871,-0.013001710620259642,0.1033673837387079,-0.09838907146770534,-0.05891787016289782,0.012441397822422443,0.1250344924007747,0.008461909538149945,-0.019008021302111423,0.057277121487452835,0.02221925316302895,-0.013791729131012434,0.08412273594065263,0.03272920344264429,0.02171496142823111
min_NeighDiff_shell1_NsValence,-0.03898545093889828,-0.004275657680359351,0.08186764368425214,-0.07896170853784326,-0.022147120307900007,0.045303479314174826,0.03615751968315551,0.00048169089236806015,-0.030112526797850387,0.05451414913362606,-0.019331095452777846,0.0875617675570484,0.09315156949078342,-0.05035695017494942,-0.042846310893156936
max_NeighDiff_shell1_NsValence,0.03710602292601038,-0.013812836289048126,0.11132130628616525,-0.11075144179573214,-0.07013036273495066,0.015356943388945544,0.12944401483032958,0.003932986739045331,-0.022153884216456296,0.0633703476778707,0.02508139198025933,-0.0037979161308506846,0.09660475629893474,0.038900670286060306,0.0070452678338439375
range_NeighDiff_shell1_NsValence,0.05613287612692018,-0.013239938812163005,0.08738615503533305,-0.08795214699214478,-0.06704285278237203,-0.0018030853571809572,0.1256688205491271,0.004069657515794244,-0.011759199505831956,0.0465217826845082,0.035081620324427305,-0.03979873906916728,0.0668258432267345,0.06271306168253646,0.02510052584185747
mean_NeighDiff_shell1_NpValence,0.08753195966375397,0.0332622061681148,0.07910365933125045,0.01125587063118346,0.11695630866579373,0.0024713835747986533,-0.01925645081489699,0.03367156076493613,-0.04326613877605679,0.0011183692792375638,-0.018955920615268126,-0.01855729019498064,-0.023616131151463812,-0.060541258170345995,0.10248549463987792
var_NeighDiff_shell1_NpValence,0.08135985539849684,0.01970416673221705,-0.052510750609510784,0.003929456565610878,-0.01891228318020761,-0.04710303356335389,0.04865714551496039,0.08345980830205992,-0.0018585218218131836,-0.05074751195293454,-0.078098592376839,0.07533185437103573,0.019953228034238598,-0.1607111691345593,-0.048050949215546014
min_NeighDiff_shell1_NpValence,0.05462054077985651,0.03636505076925981,0.10250313027959146,0.025348136368305154,0.13853185225612738,0.010579687415938175,-0.043125042968434696,-0.001516795691052467,-0.057185507465010735,0.020447418549481514,-0.003292361511770983,-0.019284161237830364,-0.00794540173326878,-0.03963540279184612,0.14058070046482615
max_NeighDiff_shell1_NpValence,0.1093224449291977,0.022249916748776154,0.000743011956307127,-0.00018279890043142438,0.056002554848429704,-0.026617771481160405,0.013057855176760834,0.07248643963549886,-0.017812451085033806,-0.01987514056372414,-0.03862401274460962,0.012136832394671605,-0.021289027639047022,-0.0964551218135409,0.03713099224106469
range_NeighDiff_shell1_NpValence,0.086125694959583,-0.0035763792324593254,-0.08478689974346165,-0.02140891205846157,-0.04829057552201997,-0.040930064018419254,0.05178894303700281,0.0886469164710957,0.026329397494712314,-0.04105059240951715,-0.04380735549997834,0.03075005358499229,-0.019021353656919725,-0.08314084275480217,-0.07275200074605453
mean_NeighDiff_shell1_NdValence,-0.05157531790302297,0.04275589227163777,0.016998116085285134,-0.05559158507140376,0.11470014330682307,-0.009087103278856123,0.045910255055637075,0.07529034878775313,0.07965630616244053,0.061736535914481395,0.011623830417978268,0.14887775522615435,-0.0410814010353378,-0.011075390850101088,-0.0701750315308547
var_NeighDiff_shell1_NdValence,0.007621387075713751,0.03721803707077187,-0.01489642180314111,-0.05855614725045224,0.07408343824078185,-0.06579434798163108,0.07468257245956555,0.045654565427032105,0.12230609746367513,0.08211731990156332,0.04304407384798634,0.13572929489117816,-0.05238101791233452,-0.03487111171181541,-0.026541227446200848
min_NeighDiff_shell1_NdValence,-0.07191618439113262,0.02619607614057436,0.02367715431197788,-0.03172211783909557,0.07299998077645392,0.026546695882740372,0.010191521646005678,0.06483867898939658,0.020648757157603375,0.02393826637667495,-0.014952146686670246,0.10111104623331928,-0.013262902885527644,-0.01113018998953386,-0.07577174080340997
max_NeighDiff_shell1_NdValence,-0.000840125817485434,0.0397660955362966,-0.011017077078436261,-0.07485422695413206,0.08015873387368416,-0.04950887006656238,0.08234862909973369,0.05658276768025369,0.13104445384965877,0.08670749782935276,0.058888909238011176,0.1379121536175598,-0.08625188762063571,0.0046939580339421935,-0.04692515199330279
range_NeighDiff_shell1_NdValence,0.03800074553884142,0.027055378014775713,-0.024216149579999593,-0.06043476631624941,0.043621367818903065,-0.06566108676891368,0.07983968397216039,0.023597880567733938,0.12465708439806095,0.07692706758360666,0.06911583002810509,0.08828421509407666,-0.0822250102860791,0.010880930954318396,-0.00767903258611119
mean_NeighDiff_shell1_NfValence,-0.05976492584360799,0.10439365015828299,-0.04770659160949265,-0.06215790432905559,0.039132077749667586,0.033801593517543804,0.026154174612813066,-0.023447246120838528,-0.04989932032439709,-0.028948562820508138,-0.03041645345648079,-0.1138136256120834,0.0044840060053685515,-0.052783067364084495,-0.06770727245704775
var_NeighDiff_shell1_NfValence,-0.030974666292031577,0.11387164209863893,-0.07634980365069771,-0.061741028180088066,0.014445139056564757,0.011021955143578734,0.05062200107920794,-0.053539900631226316,-0.03512514078030247,-0.030972474868409327,-0.000760582064247893,-0.09658508120328672,-0.0213343171778242,-0.04574379648410262,0.048334005118556636
min_NeighDiff_shell1_NfValence,-0.06690533772080762,0.05789239513664208,-0.005816130741390902,-0.04168849244331472,0.03372277641316641,0.03818747034899626,0.007505928523313642,0.0030748887971753414,-0.04406529689904852,-0.023921809550578172,-0.04915459078702129,-0.09300475542256761,0.022401802563146146,-0.04141411656955424,-0.13641724386724857
max_NeighDiff_shell1_NfValence,-0.0333185908912758,0.12021879780787174,-0.07553732909866866,-0.0668741808494768,0.011879807280043574,0.015633277483394877,0.051146159019366685,-0.05592429483486537,-0.034447258842968356,-0.03098357686945577,-8.690666192810526e-05,-0.11975840007948015,-0.026050848194069175,-0.0328545477501077,0.03587008778180064
range_NeighDiff_shell1_NfValence,-0.012501721511433726,0.11306946793103292,-0.08236244614205906,-0.05938471547432975,0.0008032099225224689,0.0033494168101077604,0.05444613371064103,-0.06371069182933407,-0.022223027614932687,-0.02580746731588034,0.01810644579494933,-0.09955099475256242,-0.0374436622788381,-0.021422818591194527,0.09065405286337158
mean_NeighDiff_shell1_NValance,-0.04439220606843672,0.08997476718822313,0.002272188664123261,-0.11580673839376268,0.0791447851423762,0.006966927759110728,0.011331216687596872,0.025786991663666364,-0.0030099161139717414,-0.02242555518987119,-0.0017648907559906324,0.012046719401615695,-0.10031697062256931,-0.012472058795399215,-0.0616248049868926
var_NeighDiff_shell1_NValance,-0.018472080126719012,0.09060151942425339,-0.07053911206641587,-0.09910695949445408,0.011378276552984116,-0.03307760162643619,0.058317549973455035,-0.008463933946597307,0.011060502634545045,-0.01807731080907104,0.0239686109188459,0.027510386387837572,-0.10815629372637099,-0.05325817490290222,-0.004931082178289468
min_NeighDiff_shell1_NValance,-0.055656972902753545,0.06523847367621241,0.032524006940164205,-0.08673363272921016,0.08264470633709861,0.0137346221826441,-0.019423610104742993,0.029631032227048857,-0.013342378070574958,-0.024305945676471853,-0.025988161079123235,0.016126933099328045,-0.05537592784672622,-0.011487887680095291,-0.08736734647237542
max_NeighDiff_shell1_NValance,-0.018506289923836166,0.10167025880018307,-0.0579414999144497,-0.1194441193296778,0.03262076717948587,-0.021105574005742242,0.05215993497688973,-0.01145778513400371,0.015023993241960892,-0.01868233504026465,0.03583034727907291,0.0049314668219496045,-0.13364408638811745,-0.014312943117852008,-0.012975101284373661
range_NeighDiff_shell1_NValance,0.00834907589620051,0.0851320909025976,-0.08647890211936123,-0.0945193143089204,-0.006296253613829818,-0.032528521114967034,0.07248243304289395,-0.029736125415336417,0.025097233486480776,-0.008934567943531514,0.05667762382932341,-0.0029305158376120976,-0.12845027696453673,-0.010730045036246121,0.03218394979866027
mean_NeighDiff_shell1_NsUnfilled,0.018944182771415238,-0.01445423521877924,0.13280551678885086,-0.11989328046707057,-0.040947226417856725,0.04944263051803056,0.07816494306158714,-0.009364484665270636,-0.030557943088054308,0.06821326363551351,-0.012436092284904221,0.021930602561657825,0.06900759428411755,-0.020615375431848326,0.006944624865820351
var_NeighDiff_shell1_NsUnfilled,0.04758986486822566,-0.013364591541599281,0.10145272015358035,-0.0961578931527318,-0.05745219905508057,0.012509290356768083,0.12047071409307329,-0.0021762750100667244,-0.01949235100215384,0.04871027367800246,0.018242532717672105,-0.02584084844105682,0.0668650535741254,0.03608731052199897,0.019583153007390823
min_NeighDiff_shell1_NsUnfilled,-0.033828928269524355,-0.004377271198704511,0.08147113298826489,-0.0798057780474003,-0.022002994591188405,0.04977306104451702,0.026094354528193083,-0.013553748020428672,-0.031006179782575912,0.04487427772589287,-0.025770364498677943,0.07901090396401268,0.0786423951265219,-0.056874298586387734,-0.04927157447675878
max_NeighDiff_shell1_NsUnfilled,0.04778413181094375,-0.01414877485395689,0.10779074619836783,-0.10679116184091804,-0.06938571097736974,0.014619093558944262,0.12367976879537955,-0.00821474478935427,-0.02159773975510671,0.05188075895688051,0.021708864218753933,-0.0206088177860691,0.07604701393364821,0.042759083382990046,0.004938667017630889
range_NeighDiff_shell1_NsUnfilled,0.06201255726410195,-0.013365339513057649,0.08511758585728352,-0.08464408372262433,-0.06535739599997334,-0.0018977114575354573,0.121055589199364,-0.003937277573921663,-0.011958338185804704,0.039002746317926426,0.03178357820939284,-0.04910722143609104,0.05270448503483664,0.06472564357602131,0.02229877424985554
mean_NeighDiff_shell1_NpUnfilled,0.0013195894366169834,0.02851590320313976,0.04021906035563858,0.00433425771649371,0.09783760325525459,0.11875199932654247,-0.044622654160917166,0.0997859061782248,0.08415067650988149,-0.0995626732803736,0.18783790404286954,-0.05090174678375887,0.09079924842913811,-0.020114435693007592,0.049569944580480405
var_NeighDiff_shell1_NpUnfilled,-0.005742652824808606,0.008531988552122742,-0.052341816439907964,-0.010139904057344927,-0.03250864993667005,0.05939676998974622,0.022446289342079574,0.10899111586446689,0.1247899843442096,-0.11426533966340217,0.12800855803617306,0.02721720317934135,0.1106156891438722,-0.12770937923692618,-0.04210689457880585
min_NeighDiff_shell1_NpUnfilled,-0.003648415344443602,0.03358803834003287,0.06740109520101477,0.01607369098453536,0.12585659196570412,0.0947786367916235,-0.06267382034626892,0.05574867116823932,0.02921778389854345,-0.054232603435099704,0.14925747237573272,-0.050115727025884155,0.06853481828351243,0.01110841436682719,0.08186023759055919
max_NeighDiff_shell1_NpUnfilled,0.0017489296904610113,0.012118032688443525,-0.01766734719427831,-0.014135813607499718,0.026774297567776606,0.09961402178759335,-0.01924745962055898,0.11835502410315395,0.13888034876596042,-0.11933953562493722,0.20231992060782567,-0.030810229591396066,0.0985594401161091,-0.06976620334387157,0.019474705729011284
range_NeighDiff_shell1_NpUnfilled,0.004600389887180373,-0.009442749193517192,-0.0679116796591195,-0.027767231222664113,-0.057112353886512174,0.04964732392136571,0.021543202076228864,0.09889784339816908,0.14145634509376223,-0.10111009726034675,0.1311862550066233,-0.0007557707810888278,0.0668376001314284,-0.08915898184882182,-0.03474484276894178
mean_NeighDiff_shell1_NdUnfilled,-0.024825800463255356,0.04594237908476148,0.03920713729787956,0.1324110863976746,0.010068197356929334,0.08653613746176574,0.09385817703494974,-0.001854234000578409,-0.04342208409203575,-0.08914528967139292,-0.02360086905815419,0.16096914768734452,-0.043238144016954964,0.00786596918702668,-0.012847095835377752
var_NeighDiff_shell1_NdUnfilled,0.019810274962822835,0.04925666139966832,0.020792682830493157,0.13098540777220513,-0.020554816290328893,0.02943722520492225,0.1262226711707127,-0.015047384535112344,-0.058924352901459726,-0.07217053702315747,-0.005142327305019351,0.13917855831338388,-0.060442697338220615,-0.01819676999008506,0.06531054625176305
min_NeighDiff_shell1_NdUnfilled,-0.055284142821638245,0.025825016502863445,0.02817277107041774,0.07841518681111956,0.005126074589181146,0.09333401012201356,0.03541145019910774,0.015420151489005718,-0.015037525038579781,-0.07015503433600813,-0.03496822621684623,0.11911746665983738,-0.016191346820096042,0.021425013706942463,-0.07628514019562342
max_NeighDiff_shell1_NdUnfilled,0.019406116686115846,0.04948488127336398,0.023364852909377228,0.13379404439077816,-0.03582304436958859,0.04474996467704464,0.1307838236014703,-0.01815392505600213,-0.04955459177190434,-0.08566861839632098,0.007764384868660517,0.1291435680439769,-0.08009331995311329,0.028922897445786976,0.0555540762690428
range_NeighDiff_shell1_NdUnfilled,0.04220288590757716,0.04311447081956641,0.01417776724481962,0.1132478967961206,-0.040423180844755005,0.011927518040395123,0.12664742739978932,-0.025443609202103725,-0.047360845220893476,-0.06479981802588262,0.021854151686465838,0.09251782716663738,-0.07968508175816644,0.02275136717357108,0.08911362731718275
mean_NeighDiff_shell1_NfUnfilled,-0.039935433406887114,0.07511608843120403,0.033023621890995225,0.08180463848437727,-0.06176386883023692,0.02435622353281479,-0.03576734033764407,0.1355698257178358,0.026371519972139372,0.15294114738332854,-0.019635529069927625,-0.10492482503300239,0.013483000434829046,-0.022271338728067823,-0.03539804308845889
var_NeighDiff_shell1_NfUnfilled,-0.02419422459976822,0.08140151017878132,0.017847915202613543,0.08470105691202096,-0.0813143597766657,0.0081457364475683,-0.024031571996940792,0.11798544585891002,0.034100066308750156,0.1646431939103384,-0.008655472281218024,-0.0830594004419579,0.023578223894365924,-0.016832289070569346,0.04590352790521806
min_NeighDiff_shell1_NfUnfilled,-0.04613163070958184,0.046213844607772676,0.03577140834574618,0.05691754892666178,-0.037717001157161624,0.028109415266648896,-0.029322907236675307,0.11321404316922068,0.018201689446753846,0.1006730386157215,-0.02601732124556063,-0.09204548863813869,0.0024881401779209907,-0.01866645184541655,-0.09773933580650292
max_NeighDiff_shell1_NfUnfilled,-0.023896298498653407,0.08421532650696363,0.01903017385825028,0.08716813336953964,-0.08698309610609814,0.011579846397235449,-0.026291258869814736,0.11729285978723814,0.03931066907676613,0.17052590965889844,-0.0087412344103203,-0.09580122813766842,0.02504269212840893,-0.004486623762672618,0.04384291643993224
range_NeighDiff_shell1_NfUnfilled,-0.011440474840110865,0.08060164402220622,0.009445277547019494,0.08028324022587473,-0.08671791977880573,0.0035517561962963486,-0.02000655808300281,0.09534918806704437,0.03879061260259744,0.1607522654090227,-0.001019944034905829,-0.07802518814989833,0.027864151042852642,0.0013155999677005566,0.08412634424347103
mean_NeighDiff_shell1_NUnfilled,-0.03422148515976175,0.08009852113684719,0.05174538440607267,0.1187485644506084,-0.04010774673580507,0.06744926025311357,0.008309937243337019,0.11854137713692837,-0.03251014822116986,0.05884850653543091,0.011205781158142681,0.05034988535264518,-0.055956427667764534,0.018209966359364952,-0.02019508032937716
var_NeighDiff_shell1_NUnfilled,-0.007844064358020339,0.07577873570836445,0.01551391019474513,0.11456376205541345,-0.10405394914584168,0.012732633023821324,0.04401806807458463,0.10240251348031372,-0.026227331004955303,0.07797778950300394,0.00039408755428023136,0.07571507462663425,-0.05242740824730196,-0.029055576533380693,0.06784734970195283
min_NeighDiff_shell1_NUnfilled,-0.04810190157300322,0.060559959316340235,0.05428489909715603,0.0913654387764956,0.0023606878777089973,0.07560639596658145,-0.01436966887131809,0.09295423469561606,-0.03131941909808765,0.03338085884157262,0.004472556586924223,0.03126309840019372,-0.03510575169926258,0.026578454236123872,-0.0782476907315441
max_NeighDiff_shell1_NUnfilled,-0.004030321094069237,0.0833421532022725,0.02701822912285507,0.12148019409883659,-0.10562004160729623,0.026280460314781207,0.03825491268747679,0.10222715455409657,-0.01940290048093526,0.0816908848728304,0.020624241849266693,0.052554012764669984,-0.06967901813966594,0.02262327906510337,0.07075609162384804
range_NeighDiff_shell1_NUnfilled,0.015974561969968486,0.07005466688134487,0.007857857136231652,0.10078662127915641,-0.1226885421990525,-0.002130954392129556,0.05022970325940119,0.07792568603788085,-0.008928358944367124,0.07980195706312915,0.02184255616885257,0.04714333676920744,-0.06522468377606483,0.014670395347151803,0.11505139529607135
mean_NeighDiff_shell1_GSvolume_pa,0.027870731434997124,0.07746973054712937,0.07858344838210927,-0.05744724895663415,-0.02752145476221565,-0.06269697466803932,-0.13070901252776615,-0.017190080471436154,0.05223282223381988,-0.07616330424312986,-0.07969116167479634,0.06313014170738299,0.08206227839288054,0.09708867088903558,0.04796267794823935
var_NeighDiff_shell1_GSvolume_pa,0.04635576959123443,0.06456624921712938,0.039497615617023016,-0.04615132793582506,-0.06684545942037214,-0.08705501665496837,-0.09027983661123154,-0.026844533756123966,0.06925080082318495,-0.07412018822134629,-0.09177488607352088,0.0661284031260931,0.09648810762872552,0.08718725926293862,0.07214380770972524
min_NeighDiff_shell1_GSvolume_pa,-0.013563985081010943,0.05896700820578028,0.06881770114524706,-0.047058566440561576,-0.0019107435598253147,-0.021372307048583606,-0.11956509785004907,0.008540270780531423,0.01956514526010294,-0.04687052009104391,-0.040735794935143545,0.05450070518304101,0.04580551401833841,0.04966980260150189,-0.02560300884907194
max_NeighDiff_shell1_GSvolume_pa,0.04926120395868888,0.0667432592680015,0.0463765905127377,-0.04954228172825177,-0.06916752540377992,-0.07834972002850037,-0.09931120191310351,-0.028496447195994055,0.07428522348103056,-0.0799738010400779,-0.08126702298115773,0.04753118297437222,0.09063003790897399,0.11886042251930659,0.07052883121222697
range_NeighDiff_shell1_GSvolume_pa,0.05694208064615791,0.05570848281887799,0.03099003455877508,-0.04043974773074984,-0.07414283039790297,-0.07866069639393025,-0.074069488025614,-0.0331319956373379,0.07477369036420133,-0.07334542334649043,-0.07644224031602424,0.03620547742361386,0.08514502456708345,0.11455099037007542,0.08323984313639489
mean_NeighDiff_shell1_GSbandgap,0.026491359720302775,-0.02850380988846782,-0.014555326566849183,-0.06087366427387068,-0.040121631743195205,0.16869341646711408,-0.10810611891971818,0.022038057165711743,0.015706416849428452,0.008275899928130732,-0.11407001001578589,0.023880363347094646,-0.07373134216840085,-0.07913632216525424,0.08696441493459893
var_NeighDiff_shell1_GSbandgap,0.04310214819342365,-0.04177049170601429,-0.0418856033901147,-0.05808937542695423,-0.08279056443706385,0.1292488351596948,-0.05403105578262731,0.03874217707126508,0.038901186188151964,-0.0036494325139777685,-0.11166455042125976,-0.011086357396273084,-0.06478607048144068,-0.07189060942956137,0.015627562646901207
min_NeighDiff_shell1_GSbandgap,0.004210549032411978,-0.0056782614159947556,0.008215498386079824,-0.0388023194581849,0.003426649435386769,0.12988650314165953,-0.1185240502670224,-0.0031995248290584864,-0.0073424409771873506,0.005252825825536221,-0.0809472599763779,0.06112637762341769,-0.04066903591384807,-0.07682749806824965,0.1144142459321312
max_NeighDiff_shell1_GSbandgap,0.04177530305405137,-0.041878012926523066,-0.036285905787338105,-0.06311731157316314,-0.07162219658472316,0.15606453197963427,-0.07606363359278062,0.034109212971911385,0.033439256830559504,-0.0016801760206494583,-0.11234728201270426,-0.009437102803922296,-0.07554525808582949,-0.06277247336101374,0.04751410516023075
range_NeighDiff_shell1_GSbandgap,0.04760633869583178,-0.04704563597993294,-0.04687218645260044,-0.05684065731202955,-0.08656999514463201,0.12475931302963542,-0.035126083901234915,0.041956950350392715,0.04308875165219098,-0.0044362906171477815,-0.09565013262162447,-0.03962365721994683,-0.07071771996195987,-0.03874782051607201,0.00316466348587237
mean_NeighDiff_shell1_GSmagmom,-0.004519494175046433,-0.03147128844797483,0.007754754119169575,0.07207241163370823,0.10152672466581485,0.012413692896346005,0.06386597115869243,-0.07447559517115158,0.21206091710430347,0.037651139298385906,-0.12601882220302743,-0.04426312325286544,0.01821271366783578,-0.007647199315396455,0.04126167816895803
var_NeighDiff_shell1_GSmagmom,0.011258847758905071,-0.03057314361139953,0.015282035335427597,0.06640032299320951,0.10396779397401039,0.0008749518403701819,0.07417579202313153,-0.07706493873312063,0.19461900622119155,0.052640985258974614,-0.11204026927405346,-0.06405313342328295,-0.008632717696110435,-0.005501550843031396,0.03976053510483913
min_NeighDiff_shell1_GSmagmom,-0.02499384721166059,-0.02109716683495463,-0.006923746764711934,0.048303250659435026,0.04660875581206411,0.022059902414865298,0.02642974773083312,-0.04201318515670704,0.15011987117889142,0.00042105014660797485,-0.09456638829889061,-0.00207992003122965,0.04576954072150859,-0.002256466093156224,0.028921021961187683
max_NeighDiff_shell1_GSmagmom,0.01189434788398991,-0.033764379215343164,0.012392855993989604,0.06614196212930175,0.09848903572310491,0.003013561347892257,0.07746290625926532,-0.07853828682366233,0.20339040284935392,0.04905087282441622,-0.11236264249974151,-0.06970238503059313,-0.011183203068792101,0.0018650047685779198,0.042215446619698185
range_NeighDiff_shell1_GSmagmom,0.01805134327259783,-0.03126937749575673,0.014659662054962615,0.059740870666258265,0.09445096327220445,-0.001587213145695305,0.07650637179297198,-0.07426671604151029,0.18336284843671966,0.05198522936837048,-0.09877428287301264,-0.0735506866348565,-0.02180434428140338,0.002469667324791875,0.03854409266927935
mean_NeighDiff_shell1_SpaceGroupNumber,0.09071378778117788,0.025786511831116674,0.06316652765397848,0.019253510442020585,0.10968461890111354,-0.03179386287763565,0.021801558319566542,0.0016876312209945946,-0.05081056156592397,0.029777633166276452,0.007599850636075363,-0.047530886060785156,0.017788937773518795,0.010189571479208884,0.020295605842433125
var_NeighDiff_shell1_SpaceGroupNumber,0.08498795416413558,0.01098047441081207,-0.06568538221427271,0.01202808025593349,-0.018491044326605983,-0.05440671109236335,0.06496190766239136,0.05435507965433631,-0.017375344245081463,-0.0192529313704415,-0.05562022569674077,0.03743653236853672,0.04572443925526727,-0.08187320391855342,-0.1054188040519093
min_NeighDiff_shell1_SpaceGroupNumber,0.05509273128960071,0.029096316308047956,0.09301152417375359,0.030685960879355035,0.1324786893508975,-0.024334510977401788,-0.008028853343952435,-0.02894481758538747,-0.06078009464050863,0.04200748979053684,0.021925698899263463,-0.03766429567217959,0.0263111868363903,0.012831039518569714,0.0746574489052027
max_NeighDiff_shell1_SpaceGroupNumber,0.1087386377634845,0.01834535502124371,-0.008007184545252857,0.013039390161090927,0.05145527065133619,-0.05423332308589608,0.050226664139118596,0.031428075448449055,-0.03401239298231334,0.01939427998862995,-0.010571355385343794,-0.02146820335427186,0.0215398384884305,-0.009533847950341229,-0.037018905724551375
range_NeighDiff_shell1_SpaceGroupNumber,0.08584890298945562,-0.0013175128471093927,-0.08377956999799778,-0.008920227988949776,-0.04428744125288018,-0.04532507284448881,0.06636703172933371,0.06061578039839987,0.007897105023629543,-0.010368077011405744,-0.030116114984361387,0.004426492309765192,0.0047184954000349145,-0.021620256813996288,-0.10376750193431218
NComp,0.08611749895707592,0.01697408090634944,0.00477130701273056,-0.03331841035065679,-0.018646099490050423,0.0378635951515782,0.070820045250527,0.030714988895084436,0.06546651018962873,-0.025658819468766428,0.01643424223617784,-0.07186621582890365,-0.06763091960272508,0.12725572146680753,0.00074305304514269
Comp_L2Norm,-0.03762522280520497,-0.03113702250430863,-0.07050551485235522,0.051077461380216085,-0.08931939023659455,-0.13004475954445918,-0.014451143985887389,-0.07998703368943386,-0.046462162982533785,0.025027180042185713,0.037604694111116485,0.029204475068713782,0.04308782575479253,-0.10253895813861305,0.03883154635930586
Comp_L3Norm,-0.023897149963321665,-0.0272137213185108,-0.07634749955557729,0.05039380170188853,-0.09995313055877374,-0.13967572359035726,0.0004684819185390913,-0.08177508433054062,-0.038520215219051565,0.02378634459372363,0.042288597742258294,0.025028656707889157,0.040134657887459284,-0.0933064383419386,0.03839669947764965
Comp_L5Norm,-0.01422420351777714,-0.02331644442819105,-0.07824555647838037,0.04913563314724237,-0.1040961996060058,-0.14460705381927336,0.011333591346993403,-0.08182068637386981,-0.033981304492850056,0.02343938656434855,0.04399527729472293,0.02295534647229752,0.03821697593995113,-0.08629034404631224,0.036461830433458964
Comp_L7Norm,-0.011253600761570457,-0.021885605186296758,-0.07817664664281393,0.04847377733013244,-0.10448332988344704,-0.14561094752677142,0.015014900321563957,-0.08166735072505178,-0.033031407468475535,0.02367468150073901,0.04414193041983802,0.02247712173386092,0.03720869240206388,-0.08369307325870237,0.03557941601534011
Comp_L10Norm,-0.009507074076057113,-0.021043998890186457,-0.07788290733868343,0.0479619322287794,-0.10435009463619696,-0.14590972026925358,0.01725501599378467,-0.08151771114059055,-0.03265291753171608,0.02397590602707004,0.04412809123314076,0.02218395040455968,0.03628654054608431,-0.08197723034337354,0.03513074620305243
mean_Number,-0.10154815929098172,0.07398757770530853,0.012102453671487524,-0.028943858556008853,0.011540053983823968,-0.041324333345563645,0.026862199438857363,0.07379290250323982,-0.028943433853928644,-0.048136229591125956,-0.09592618524847377,-0.028079532470371378,0.024758580423235393,-0.0003669637213245004,0.012095465924396686
maxdiff_Number,0.007218432805986386,0.1480424705663533,-0.07145181599859983,-0.0487629085533013,-0.021249733383850628,0.043914453717635964,0.009831480838248448,-0.06637598138665154,0.03198165927461051,0.04938270813433079,0.038412853521780435,-0.0022310414595396143,-0.01955039756366896,0.04016117426260375,0.031708365640813765
dev_Number,-0.023437200676727332,0.14682802909249557,-0.045454728375620986,-0.030596419333042912,0.03248242040597029,0.052093661291053826,-0.03326529546128924,-0.05568756582712447,-0.004200684109631475,0.045786669412655634,0.0017009142079465142,0.05412625877593319,0.047005887219714944,-0.0038680214741055566,-0.0577868252582912
max_Number,-0.046702916082115194,0.1460391968294101,-0.055369312469082464,-0.0465597111380383,-0.023237914650253006,-0.009254236138517747,0.03013918698764524,-0.0072513667743489526,0.0030097512934770428,0.00973291545553904,-0.020084783916150865,-0.030880891695518067,-0.004196299575696653,0.03883534202542321,0.06807544268166127
min_Number,-0.09288442918109656,0.010182220502969238,0.021310351156646576,-0.0006762451186457107,-0.005409789704770037,-0.08819318769492102,0.0361396883795929,0.09645416002315765,-0.047314062996254916,-0.06423421708109284,-0.09794615336413781,-0.04991163323403773,0.024834819384536938,0.0014048619100780768,0.06602002360940815
most_Number,-0.1003351100669205,0.027525070773063254,0.030180119063982463,-0.030008908998277864,0.0025864434769720997,-0.03255692074744702,0.035234182616037356,0.08908982012045048,-0.021683096183992615,-0.06995839447103451,-0.10086435505826316,-0.0500102577229063,0.0002668744715572466,-0.007121747017120148,-0.015581292932261846
mean_MendeleevNumber,0.06452210548615248,-0.03794999725345303,-0.13549860149332751,-0.03262612300556862,0.04174138464930441,0.013632816281295661,0.010294548144679604,0.08117795755291296,-0.02870876838093242,0.04523161549603084,-0.01976986436160927,0.039507050170465983,0.04040335442412826,-0.004873933060634665,0.08775105338941824
maxdiff_MendeleevNumber,0.07385510376606365,0.057609449116332076,0.11382137287129833,0.0013549641714289834,-0.04216136032153965,-0.05168640406749083,0.006544558513141271,0.020155588402827652,0.05755477529490337,-0.06681270697688876,0.019040573343493447,-0.03994165638596396,-0.05806817566408052,-0.011184045565522015,-0.036613941950913914
dev_MendeleevNumber,0.0392515854868675,0.07304129789701024,0.14782208994676196,0.015002202818720299,0.010993927914938015,-0.034643640214795685,-0.03132922598605343,0.01778296013885802,0.005551525195129179,-0.05851788947173067,-0.005488327200093043,0.0033353399098399353,-0.05339171450590912,-0.06273424961041416,-0.019434034333632787
max_MendeleevNumber,0.09241949014680577,0.010144456346942563,-0.02634961084409132,-0.03683486051502511,0.0689474248677134,0.01700950703702376,-0.017209317840594783,0.1121893949196533,-0.002520491275112631,-0.0022085043100791026,-0.02498834297328496,0.054416957196967417,-0.01367745039882366,-0.08187686142628153,0.07780496580480928
min_MendeleevNumber,-0.041934069678776865,-0.057660448793822185,-0.13260802667128463,-0.016288568411906384,0.07295956089976477,0.062249108596483665,-0.013946077087785237,0.02358454292716329,-0.0627030220600597,0.07072103240279187,-0.030472665862593916,0.06472789326764834,0.05672910145525481,-0.020991090248483172,0.07058140907997665
most_MendeleevNumber,0.08406098259076267,-0.000661944594055562,-0.05897610684102213,-0.0009983065795490698,0.047584631263466744,-0.02275378163463061,0.017874240123612273,0.053508300080894924,-0.04441545569830376,0.041651671686230705,-0.013369203260196135,0.014047710604053958,0.050159230342518776,0.018269376219418338,0.14108224037485406
mean_AtomicWeight,-0.10013187586238341,0.07602725352073708,0.010329470986969284,-0.030242810451494555,0.010627138601635664,-0.03920587416689651,0.02680515273239141,0.0728045218165704,-0.03277084857818312,-0.047313182070454554,-0.09683241985716315,-0.03379356023034115,0.023137073756673357,-0.00256503404797482,0.007813448915742203
maxdiff_AtomicWeight,0.0002831073922657859,0.15010928460492087,-0.07231366776613622,-0.048531774172493825,-0.021888959473903347,0.0388756126551467,0.009939294706431718,-0.05996944166027563,0.028698939836022275,0.04392452865524681,0.03310641515341445,-0.0026272870488310623,-0.01881335075573146,0.04102190485768645,0.03785632545751263
dev_AtomicWeight,-0.028928521942431683,0.14745221825219476,-0.04628729020959651,-0.03187294671018772,0.029672135544634406,0.04850880078757886,-0.030596625061268437,-0.049268899915125654,-0.006673543166882225,0.0403107087282805,-0.002276715146696082,0.04704707760542854,0.042554756226953316,-0.0024520504428344326,-0.05190327846916727
max_AtomicWeight,-0.046498939403132225,0.14586001037615917,-0.05638135760411071,-0.04628157396450271,-0.02381609816765352,-0.008469326131609894,0.0290349323146265,-0.006831485329757744,0.0007673383405829134,0.008742486179244538,-0.02010760905588401,-0.032502655365334476,-0.0055661199371739205,0.03780090731712373,0.06735166062583298
min_AtomicWeight,-0.09082452208735774,0.008785603533859303,0.022734562735607464,-0.001138450488407105,-0.006227264931090827,-0.08753726732439845,0.038214310058597725,0.09639377468446722,-0.05098921756038255,-0.06334230334459966,-0.09959060984282865,-0.058319958335071996,0.023592379923990655,-0.0015993724075005313,0.06158057607287831
most_AtomicWeight,-0.09865624773084464,0.028581369400981143,0.029212432019927737,-0.03084371762021324,0.00252281957136296,-0.031240846973931573,0.03532192375978473,0.08833707025765836,-0.025255297236941497,-0.06965157255177086,-0.1027323312411103,-0.054671189771391224,-0.00020338666486273725,-0.00855693281009221,-0.020986449984094276
mean_MeltingT,-0.08823796808567233,0.005572846410773344,0.00912074419678127,0.03554716266783531,-0.011872007685762445,0.09355520827836597,0.05982859765316089,-0.05198291628966221,0.011802962613575633,-0.09488925725781452,-0.009310930038380676,-0.013655799578017817,0.08445916665637525,0.041629734376872056,-0.0028284198100096865
maxdiff_MeltingT,0.06189890683873289,0.019680673725631995,-0.03206382310505779,0.017024437054220017,-0.011684943015036448,0.11256364258767212,0.10730563745143688,-0.04227645113265765,-0.05836907973462393,-0.10303591919839931,-0.02209966838017713,-0.032361553641717465,0.014803362108196138,-0.0001302809491483725,0.0843309454799251
dev_MeltingT,0.03573297652176529,0.02239426462051187,-0.022256093087111257,0.04205019128329222,0.04112671869093808,0.12666550114038147,0.07948517562349058,-0.03176492570080865,-0.07352324504477915,-0.10091729296593167,-0.039121420934535,0.005225335232566181,0.06561420612308902,-0.016726258143026897,0.06898980632222992
max_MeltingT,0.012247087815444455,0.017199933973339684,-0.027783551030490523,0.028476857927263,-0.0335429455332566,0.13138679164740033,0.1295533477563414,-0.06788973066546032,-0.04588276781790038,-0.1310961063456705,-0.02134853059038592,-0.04458546988069933,0.04380177319274033,0.026195891913081918,0.07630197965425989
min_MeltingT,-0.09844037716174038,-0.0074168644867132465,0.012511906196918837,0.01799101507291391,-0.03747161142173471,0.016830028444749276,0.02376853663465338,-0.039603991973924536,0.031202572894151154,-0.034844113781218794,0.004676858560985467,-0.017065625380965437,0.04981780070125427,0.04727088940455442,-0.027112766786346224
most_MeltingT,-0.0961425336430285,-0.004435899185387438,0.012042803356880741,0.00815921200772842,-0.02786746916616559,0.06837231096601416,0.01990844077614047,-0.022396188077738025,0.040362706772322614,-0.07134841466645507,-0.011000413070959902,-0.0061463817369670735,0.05821178043485899,0.03140556544192091,-0.04237454067276437
mean_Column,0.06760076052319239,-0.0004133025436917542,-0.10759607041801798,-0.006676286566321167,0.08580501687287802,-0.04663780699943367,0.02699874383259415,0.12611086994712647,-0.02764820938389174,0.013592856008394834,-0.02916301637843135,0.04743042155449318,0.10599071013739782,0.04618428451568011,0.022649918085676266
maxdiff_Column,0.08982393524312719,0.04214970886601535,0.08459128134188769,-0.009710053998471541,-0.01138894513347733,0.0029275851761062827,0.02165007295384701,0.04627102204293682,0.060120834255343654,-0.07590155333513776,0.0350548932521578,-0.04449004948239222,-0.07851386226067159,-0.09351646390854529,-0.02441428977775477
dev_Column,0.06126703541538854,0.04720367644175921,0.12547918134820993,-0.0018229820316477718,0.02358305048991478,0.04677939546422448,-0.031684466671646934,0.028808097580797356,-0.01149906848789229,-0.05844636625243028,0.0009512008214615449,-0.03670055404991596,-0.08439867384300971,-0.11782045291110832,0.028130938720923336
max_Column,0.0906360153069176,0.01697850579513157,-0.024904823192336223,-0.023546025499454226,0.09367822864375625,0.011346304240843349,0.00013827070398991908,0.1319939918342269,0.0038989462352795397,-0.023805158182309192,-0.002514760970797843,0.03675240127801516,0.02409610419782593,-0.06753358124418446,0.04983298913266238
min_Column,-0.04082378286811836,-0.038934789777690985,-0.12379120305091092,-0.006228462745106364,0.08658131466948843,0.005165333602372801,-0.02664202604046944,0.044999071433884937,-0.0712624512392529,0.07535174065735105,-0.04525745604373602,0.08341583427879293,0.11565646769064769,0.06326802154347026,0.0687366849800554
most_Column,0.07664252593152396,0.02573090946491786,-0.04070435708045435,0.02542540656676348,0.08915321022840472,-0.07059934114346894,0.02962796805893727,0.07925107341825798,-0.050331150866359926,0.009250469535821869,-0.010841271138237919,0.0077655128339929845,0.0920321275026242,0.0718609125275353,0.07539627341061164
mean_Row,-0.10789370983533092,0.06320996465511347,0.033680840702184786,-0.011179465498083772,0.00773013500913373,-0.051933082104884516,0.01724221031291161,0.06192267398934781,-0.007316086885986064,-0.06053833713700381,-0.07207117688993525,-0.0016838665758851401,0.02051986323616163,0.016585174741705528,0.026835054065994426
maxdiff_Row,0.057325902684281276,0.11968932419693404,-0.05357877656095135,-0.01609142586034391,-0.04228951359267065,0.0694302690223435,-0.029586554743408457,-0.07241750922331683,0.045871515658290896,0.060608628662277356,0.02130191442886494,0.02608127230795124,0.012694463662965711,0.03605254672865525,0.009385613732311122
dev_Row,0.030944123216757477,0.13446363190934624,-0.02539753602912686,0.005958811417056092,0.02894838441313204,0.06238731293338091,-0.0648706882509744,-0.07453956006184549,0.004861495035490917,0.056046522992942896,-0.0031404900564939607,0.09065354313266008,0.08127958097765803,-0.003314787679371718,-0.0639785293130472
max_Row,-0.03908283485887991,0.14746040159590756,-0.026872187120481974,-0.014841517200915113,-0.04787000193165559,-0.01730881991006764,0.01108036298898558,-0.005938446541694841,0.02364000441785835,0.0005841592405271272,-0.02895574962292358,-0.005898952730850675,0.019263197649483237,0.05800641071587576,0.0774715807584294
min_Row,-0.10314724999529795,0.007828291526686976,0.03463036127513999,0.003803293296264039,0.0013573311827977043,-0.09567038023583482,0.04437784758212068,0.07640983018319408,-0.02903169601236607,-0.06822339520519848,-0.05239155974618016,-0.035350701445351955,0.004360657516599663,0.015598298572317548,0.06483209183152436
most_Row,-0.10959011142001648,0.020273428756130838,0.037908281786480966,-0.01998633517322616,-0.004279201218815518,-0.03469532037846143,0.024528639704264922,0.07480265772660394,0.001455219395927456,-0.0742972193477336,-0.07252129082736475,-0.024755204411430143,-0.008927820552314933,0.0034754170068376604,-0.002546518045863499
mean_CovalentRadius,-0.10265705090331194,0.04991043530017197,0.0787146132075736,0.005574222978627808,-0.017038288208551324,-0.06389888593342569,-0.017994759462320858,0.013440788902404506,0.01109270495981911,-0.07561390168118327,-0.009926888123310265,0.0015242257774548986,-0.02432478453505694,0.02690083212368856,0.0293219302408661
maxdiff_CovalentRadius,0.08816060184233351,0.08484406058060598,0.023857081897839392,0.007356405528563348,-0.06484758712446015,0.015607629096106765,-0.07625163497405514,-0.018316082516896738,0.057747387432697896,-0.035794285348807874,-0.055385576385974786,0.01829020397204479,0.04492908683291477,0.032385499742806814,-0.011182709116191233
dev_CovalentRadius,0.07294289590911923,0.10365873308230157,0.05845930232807757,0.03267965938804018,0.007331832125886232,0.008522696613915401,-0.08756499523163391,-0.03573620643439139,-0.002486378951076788,-0.018696877023030817,-0.043557903428375296,0.04481640405980955,0.05662860434051232,-0.011182955135055852,-0.049473255110831185
max_CovalentRadius,-0.0020602712105421334,0.11505631432916066,0.0680026308095918,0.011675208263164817,-0.09808224141224212,-0.06461617087996015,-0.0711501033057091,0.002548961544758831,0.06698429223880448,-0.09736909744787055,-0.05282878011702643,0.01384628166351816,0.03415155449985288,0.07166913693016269,0.0407735527352927
min_CovalentRadius,-0.11224680482032136,0.006538627415161291,0.03673454075803008,0.002230228165589221,-0.014925943329568623,-0.08276376811593501,0.025695227974374138,0.02539623646732991,-0.006636425013558837,-0.05055419477978715,0.017539386284022462,-0.009315524509842146,-0.02274734631243931,0.029660107807323848,0.05389298423478108
most_CovalentRadius,-0.11010770791485114,0.009145562394323004,0.04964250353743129,-0.011583966970472159,-0.025689612338074982,-0.02870263324096613,-0.006295573343938763,0.028738799367420992,0.023728782890262264,-0.07266577286380997,-0.015920193417388734,-0.005323380412032394,-0.048854257960571766,0.0017378298148650426,-0.013148001189311384
mean_Electronegativity,0.10348330288498013,-0.0045416783190873325,-0.08760435565019374,0.0036638775525219577,0.03760845554916813,-0.008284464416164003,0.03639385327242138,0.02835683741262914,-0.05522377160292519,0.05231178900740013,-0.07526456389364625,0.03237061431161698,0.06502477600197766,-0.011009136893082786,-0.0381527622280315
maxdiff_Electronegativity,0.11601372206290364,0.03673210561652601,0.03745432130400567,0.0052843583625067705,0.01283267682446326,-0.039293164976565244,-0.0036558104310171076,-0.008145346707013577,-0.005758633130823136,-0.003464024584209179,-0.033613854394964976,-0.027900469383159304,-0.011541146167164382,-0.018358131462854498,-0.08191441706694856
dev_Electronegativity,0.10285589889594376,0.04511725780590858,0.06607688797686445,0.02236990007973694,0.05996638922090503,-0.037915921609453035,-0.024181777675879673,-0.02125115781730896,-0.04868326587454161,0.012843010348528224,-0.02381067195782035,-0.020355110185537102,-0.005815312893250807,-0.03214677542922396,-0.06979261685016766
max_Electronegativity,0.11520900664836017,0.010138880054761061,-0.02719832900884555,0.0016635963626631155,0.050883226827869714,0.000673825412407773,0.009727551509991982,0.00683627192030757,-0.0492080943472363,0.04222003048946689,-0.06519477025689992,0.00792532810187902,0.01967469462663326,-0.029972560591259505,-0.05839168286184497
min_Electronegativity,-0.03850957485333449,-0.05941162226653115,-0.12787418649914356,-0.008179571429505197,0.06411580486127359,0.08420598297845128,0.02516134401412852,0.029461078403770113,-0.0760550021990823,0.08300779662230845,-0.045877556282882745,0.07314175723189265,0.05965028579322759,-0.014956500267674833,0.06834288727717852
most_Electronegativity,0.1078207913514602,0.01468747439738302,-0.04058656895499514,0.022706928481513546,0.054741509284071045,-0.04028711196442272,0.030074567925303705,0.007834174966874498,-0.05810207449684738,0.04779803443331551,-0.03754357058473894,0.0037333818960675895,0.06436902148323227,0.024290076604371436,-0.010561174559945452
mean_NsValence,0.010056650859459042,0.0251200934982844,-0.10767375691932285,0.11835045565887804,0.06642260945514525,-0.056032477914834365,-0.06242603474924855,0.02692425829718746,0.027904253533188764,-0.08475248962654132,0.019548684289636558,-0.05768229798256081,-0.06931499773436567,0.06840424320120948,-0.009644951944322189
maxdiff_NsValence,0.032634005449816504,-0.015898265810671587,0.11485686136300789,-0.11586041541212774,-0.06876136662234753,0.025101534831202216,0.1269845757919799,0.004481939043836026,-0.022800661379407224,0.06704033383969238,0.02008014029539866,0.0002949469925214124,0.09506960096531587,0.04054550279617222,0.0067099137962860185
dev_NsValence,0.012673172490182292,-0.018199591908156516,0.12785553856964518,-0.12418737930347534,-0.05107054692618173,0.0564661745193088,0.09485937324403973,0.007580262509195834,-0.027246691881181916,0.07890071935382376,-0.006077209098860507,0.030042335724015025,0.08609038826101421,-0.011795141455478721,0.011361186573714148
max_NsValence,0.015260883207662206,0.012205455417319702,-0.00579195334951602,0.01007665010532916,0.021728103063632393,0.014875555062776,0.014784382745192708,0.05582475095773787,0.02056690941950069,-0.01756397602843987,0.017499141379048934,-0.022213151803908347,0.017541202727619852,0.02612531163589275,-0.0019074190737203484
min_NsValence,-0.03068221376670031,0.017402082012472012,-0.11542432138994485,0.11696202109991845,0.07138334922991714,-0.023208161566311666,-0.12496383433621401,0.002501287095741587,0.02534011277839493,-0.06914421709709316,-0.017865703487364073,-0.003070802462614632,-0.0927477727229949,-0.037225071400782975,-0.006939169167154574
most_NsValence,0.02822598310162609,0.02398308777313418,-0.050463282528862244,0.08238076371297756,0.0628906852207296,-0.07564263063442843,-0.01891774199757755,0.020059657572162937,0.001059873603677998,-0.06150696893087846,0.020391302660685475,-0.06273422236180128,-0.028663024017433425,0.12169851791743545,0.01302518493869421
mean_NpValence,0.09842099737802926,0.0058485664909576195,-0.07770465273195881,-0.0033873496873106385,0.04617696385216616,-0.06604973629348079,-0.008594107538260449,0.08725787011381224,-0.05967707109949881,0.016890546693893928,-0.053494854296141287,0.03584072951800985,0.014349266328590236,0.005201398805804811,0.016724085698791063
maxdiff_NpValence,0.10685090735446515,0.01828182300264113,-0.002877204693444801,-0.009142185547983173,0.06117991890413042,-0.0118464144977955,0.0054515678644446895,0.08549435470323925,-0.017592804925479117,-0.021694127520401896,-0.046706115251852684,0.013381607616837916,-0.026382122613077406,-0.08575426312627836,0.04551726526498777
dev_NpValence,0.09253532299717629,0.030118669973163526,0.05610778183189214,0.0054437780591391136,0.09680765876055103,0.003983249388587718,-0.004797556126772668,0.0579794802324212,-0.04163658418385029,-0.012802004369594224,-0.04453017372058264,0.00672920731103574,-0.018104339375201527,-0.08905068530490454,0.09477499031420704
max_NpValence,0.10474260313325325,0.00956544285817976,-0.02752849279028908,-0.014320858384410514,0.07219073913988715,-0.017350478041943566,-0.015654542022851325,0.09351225893558854,-0.03790420901787447,0.0016319812263841335,-0.05452853758876893,0.02666342678037775,-0.011592977853839871,-0.05635351488747541,0.05647585060514374
min_NpValence,-0.011735575458471008,-0.030230855533811805,-0.0831405155536516,-0.017097222224338883,0.03454924809377704,-0.018079514008477127,-0.07152562835754821,0.023390045457086606,-0.0678461778472488,0.07972556201943544,-0.024404831978726657,0.04428417719087791,0.05109267076313585,0.10301033047487776,0.03504920432809638
most_NpValence,0.09869408519618714,0.02181041346638667,-0.03270388428993952,0.018911805382245343,0.06951346542024422,-0.0786794480744928,0.008389326705653238,0.05603164909564988,-0.06844657265641241,0.018172590527732877,-0.030293734806220704,0.009942337740681458,0.021115518754603286,0.03679336032928374,0.05697639231245141
mean_NdValence,-0.08235760104929268,0.006450481635285098,0.005263196474116065,-0.05743164775778982,0.06892608788880968,-0.044627080442392913,0.07538439098621433,0.11591632374452435,0.02839272929202006,-0.00568808576700815,-0.04957418717337695,0.08266696103074793,0.04567936249726139,0.010512119143710598,0.1063364173369284
maxdiff_NdValence,-0.012560439881015085,0.040953685054182606,-0.007767300708002865,-0.07906225206260531,0.08349873493017375,-0.03432206039303465,0.08480637688202414,0.06519089438527369,0.1329374873978942,0.0752172959575345,0.047313356160986836,0.14507130584738231,-0.09036307363310557,0.021007777211579096,-0.05126277853862148
dev_NdValence,-0.04509255216805144,0.04406493869942254,0.009289596299779284,-0.0663402464513012,0.10945003077515363,-0.020176021413365414,0.05220155211003186,0.07809535250650991,0.09290104811432902,0.06644693697468586,0.009343235010925082,0.15803607509501613,-0.049368261402682315,-0.004502879195005729,-0.07133071838137567
max_NdValence,-0.03264040310692749,0.027800213201440153,-0.014168888779476866,-0.08782364012031116,0.09570506961215629,-0.048875695923968114,0.10005994043691405,0.08405579108867485,0.10264872345614535,0.06527005169232124,0.021217903621856507,0.1384723049589338,-0.048488925121484325,0.03654690010514384,0.010707693629912283
min_NdValence,-0.04596603433571152,-0.03139133792787197,-0.014556173276965758,-0.018139469304578118,0.02596603562979678,-0.032658555700277155,0.03295718632138616,0.041793851904809914,-0.07329176540615212,-0.02489206054268031,-0.06139399156209414,-0.018992431156352685,0.09889223110348168,0.03527735043538237,0.14420467439183512
most_NdValence,-0.07609901441564705,0.0031995948043641873,0.01797883431179216,-0.041336234924728134,0.0255602037457706,-0.036905453057227144,0.05704148277178001,0.12052329416564202,0.021475925208167986,-0.03755750608847349,-0.059901388491865507,0.04098479329980092,0.040906622092134956,-0.005710729940065415,0.12713714557566283
mean_NfValence,-0.07062067928634658,0.07487887234518663,-0.0325632859168966,-0.052313735366509365,0.020270818128348113,0.00029395094265553514,0.042910255843525515,-0.0056971544610465875,-0.07307779148333357,-0.050506330108773395,-0.08263865200920566,-0.15368956517275967,0.009310015112427647,-0.06045725138384862,-0.07200248038734075
maxdiff_NfValence,-0.03799760335632035,0.11885415618143266,-0.07312392789584284,-0.06894977253872177,0.014430881048778248,0.01936513071957294,0.052189216133736255,-0.051652827586467776,-0.0363863874688201,-0.03328738771322184,-0.007070953330359595,-0.12315334124654632,-0.024922728535666253,-0.02683135282764003,0.023591632356445194
dev_NfValence,-0.05629805759324241,0.10848786855704014,-0.05686028260511517,-0.06636885387361945,0.034673788281943896,0.03024899123553779,0.03623189467140443,-0.032374469984759076,-0.05093785919990597,-0.036564355180760955,-0.03130202694030428,-0.11213071703510817,-0.0018075234138230224,-0.04487099493113794,-0.045655344104036974
max_NfValence,-0.042528983236567675,0.11635683423142713,-0.07178762061049741,-0.06791981479477537,0.012950212219839313,0.01257329281430444,0.0547246523055977,-0.04733645802608233,-0.04466380742790218,-0.038275820940555365,-0.01995619146646594,-0.1372215993076013,-0.02116082245397084,-0.031360845396948625,0.022275968503008784
min_NfValence,-0.029080482692073337,-0.007291242830143227,0.003306285332345026,0.0017616211668058542,-0.007824698486662614,-0.03881821693063006,0.018204014304138587,0.0222112326053505,-0.051057423003308025,-0.031479835913965866,-0.07638215097119676,-0.09060812973322613,0.020613760441781995,-0.0283716040605724,-0.006279790772405611
most_NfValence,-0.06149513841922882,0.03276340931752162,0.00031533462246139836,-0.03445098347482072,0.008613630845086786,-0.0029457750151625607,0.03600445421189498,0.017004969720569973,-0.05470547605169,-0.051319352397010784,-0.0923857884618784,-0.12786040934423157,0.009046459104944157,-0.043880899918231436,-0.10343672482061297
mean_NValance,-0.07200704293608605,0.05496475476825724,-0.047033686261525,-0.06767730352317942,0.07981054212342062,-0.05512450359616396,0.07414058473162832,0.10711340628701103,-0.04250680869177876,-0.035642908547827604,-0.10244913333476516,-0.030401580347842776,0.03857100524549408,-0.024904074913537726,0.03474995063135689
maxdiff_NValance,-0.00983258751918465,0.102181635868911,-0.046975667974819,-0.12904450208815904,0.04181735475628518,-0.018303684033963173,0.058957984754736986,-0.008697021436872364,0.02983538495149827,-0.018959440718532394,0.031775766934794274,-0.006191854402323626,-0.13710760814310788,0.012732233467760985,-0.01568194538336231
dev_NValance,-0.046789351760254456,0.08716859677224881,-0.016131727596317712,-0.1180782965915451,0.06541924444132878,0.00876747465718192,0.020942571773961378,0.023585832914197396,-0.0067274630427093165,-0.02519130766838486,-0.009591525857788916,0.020142904080906302,-0.10727336430383691,-0.016375847303374536,-0.056215013365291465
max_NValance,-0.04068045423563224,0.09657851031369184,-0.07572958576348932,-0.11737941571939087,0.06383128203508927,-0.02749973423266403,0.06801673092650477,0.02362620731070318,-0.001213133021951859,-0.013351161807785915,-0.010239603618937445,-0.017255963413304355,-0.07511404809432996,-0.002064179056114942,0.017020795227514124
min_NValance,-0.07164992077820774,-0.002360845604552503,-0.0706607404060665,0.013490275748998401,0.05469742652149343,-0.022934745145651195,0.02678612175430661,0.07312982584829263,-0.06804467899538291,0.010900343503892478,-0.09296021626123985,-0.025971559195098505,0.12791751885285788,-0.032579494757826795,0.07328317919802174
most_NValance,-0.05650751495645614,0.032845901401390966,-0.002082178216131462,-0.04036325263264955,0.05692068887587325,-0.06678787196677477,0.06869143877749379,0.12805055393013923,-0.043643960956499174,-0.057961138045324156,-0.11406172785382951,-0.046898831075000126,0.04385643083412227,-0.008574928944478567,0.05913940284481313
mean_NsUnfilled,0.0007205715894532601,-0.025969084640310804,0.10882338295172528,-0.11998706314281782,-0.06801909892103787,0.06159126711359831,0.05279687798668499,-0.0401835250037935,-0.02620205641935257,0.07403661144579995,-0.02484427018421332,0.04025131712418677,0.04509495850633592,-0.06960108255790741,0.005487351462408656
maxdiff_NsUnfilled,0.04406669088587536,-0.016292311686791343,0.11154933265355776,-0.11216561057410816,-0.0682937999103045,0.02444906094555779,0.121349587795711,-0.007811942854652702,-0.022050339280553236,0.05491117842331908,0.017132913377405114,-0.01821398678623592,0.07428904192987021,0.04427937747938828,0.005137334063846133
dev_NsUnfilled,0.024291960634973304,-0.019244749570894736,0.1266136792693317,-0.12364281912258085,-0.050976316203463046,0.058428632692009895,0.08815459229918499,-0.006000618445508405,-0.02684963103589219,0.06890559406710887,-0.011017516178922007,0.012865623238324832,0.06461456256966239,-0.010740229189625299,0.011528259355810777
max_NsUnfilled,0.04235867467164273,-0.017674367779624518,0.11214378318993283,-0.11311264781752703,-0.07088689057781086,0.02256105785134609,0.11928728852432624,-0.014424184471274878,-0.02435547555580262,0.05649690189439675,0.015275031806230868,-0.016006908193027605,0.07166279316699573,0.04121655552578121,0.005168739460994605
min_NsUnfilled,-0.014336933210505295,-0.011338345994206203,0.004348589006521399,-0.0072590886371450315,-0.021083005195221542,-0.015725130818733033,-0.017655087113451966,-0.05460103726991746,-0.01893715829390837,0.012826212158913091,-0.015439250847676686,0.018330316661502203,-0.02207750124658791,-0.025533497138766476,0.00023355997087776462
most_NsUnfilled,-0.02195073348521501,-0.025217840969946878,0.047682006963028135,-0.08332591850194009,-0.06619668962022165,0.08478193120503592,0.005788645703562186,-0.031958779686516774,0.002797272039927007,0.05310684786257185,-0.026419918189103827,0.04976464681355676,0.004878680614602069,-0.12808273306077084,-0.021606609036082476
mean_NpUnfilled,0.025576230006968705,-0.008494693999675115,-0.09554695892092284,-0.006543422009470348,0.041033068771198083,0.041467942095052474,-0.04806872228042486,0.12484638174881964,0.032110669805474897,-0.06526461614630037,0.16108716515866237,-0.03898750609631698,0.12312928695404925,0.08979224738930727,0.0198840038727393
maxdiff_NpUnfilled,0.021805216651499183,0.0025364692842045986,-0.03529402981214087,-0.027384121658942634,0.019999468309431036,0.08387697226165704,-0.014937896066676594,0.13189061940145988,0.1272263378604525,-0.11928571001892059,0.20186973234385644,-0.06533674840067992,0.07219670014197632,-0.005125059990468522,-0.009560666633405894
dev_NpUnfilled,-0.009458680800564136,0.017940815617177832,0.02028695101864934,-0.006787241446392597,0.06520552546493476,0.12659456725841806,-0.03530809212537417,0.11248330133247145,0.10263103543327975,-0.11022558391763082,0.18627792307309357,-0.03546000915381329,0.10266243703958267,-0.03561454681780193,0.04331732253361302
max_NpUnfilled,0.017426119409440822,-0.006643202992317705,-0.057107093026595064,-0.030715425059858064,0.029928564772425992,0.0798801944607585,-0.03447388669812593,0.1371077293692838,0.10617365427776175,-0.10075881461097844,0.19912634951586008,-0.05868872137724796,0.08946574368456353,0.02497304323588908,0.0016597641324906482
min_NpUnfilled,-0.014911238075110961,-0.032193646512195404,-0.07739554607607722,-0.012296729484109061,0.03531499756055183,-0.01222239327879367,-0.06895475035648048,0.02118739855405988,-0.07120079545188089,0.062499733605054855,-0.005261030100879942,0.02193832027348355,0.06223224563251883,0.10562499687299794,0.039210643872103663
most_NpUnfilled,0.03522361070181712,0.015577561060714964,-0.04208188047253381,0.028156263618879254,0.06248365393246819,0.012464088412762905,-0.01934285855188645,0.07509089392456039,-0.002465330111690583,-0.03693313941184369,0.12937051383144674,-0.038058100235958785,0.1119588373318474,0.1090810781583612,0.07708119151160096
mean_NdUnfilled,-0.050521172207347344,0.024935106194248952,0.02661251535898899,0.1159692626387558,-0.017694633579489128,0.06742504971341545,0.0994853597002281,-0.03976709996686791,-0.026307240372943467,-0.09286685679949679,-0.07036965359004155,0.10586363711752567,-0.027848958654115,0.059325616696342065,-0.0643332315645883
maxdiff_NdUnfilled,0.01090856072999787,0.04855461402765565,0.024985082065233342,0.13479254021433587,-0.035372881073168126,0.05259878473294589,0.1335852462995652,-0.01800357122228022,-0.04244697436619463,-0.09188990247108202,0.0025849930691098574,0.13300727556952455,-0.07906082556192309,0.04111933206206944,0.048635888959149956
dev_NdUnfilled,-0.016916562885529604,0.04819517045591443,0.03457032523295309,0.13646408612979022,-0.00053966448085856,0.0744661152696164,0.10932717767339058,-0.004578795262327741,-0.053360841884082216,-0.09510956281863756,-0.025766354216023038,0.1640856723997258,-0.05170768706443285,0.00938574269590831,0.003316677270578949
max_NdUnfilled,0.005183051566042627,0.046131165912343876,0.024900498587065854,0.137369465554209,-0.039608200918360925,0.05106506780494985,0.13726354700052232,-0.027996757987674488,-0.046833686964123024,-0.09216606454069178,-0.010630050784482323,0.12579453236319685,-0.07617011480451366,0.0558287152035578,0.036061629091909825
min_NdUnfilled,-0.03437699286658698,-0.01250432127691625,0.0006483870701395357,0.02197933545791549,-0.027453066777356358,-0.006894889156685989,0.028633698152616925,-0.06172628612223203,-0.0287049862310452,-0.0059626548710659194,-0.08039784643121568,-0.03775151829171399,0.013930407499972151,0.09153838825022538,-0.0743486537777733
most_NdUnfilled,-0.060065805437098364,0.003135618828638644,0.017128476149275134,0.04961248326772045,-0.02209318713480029,0.055429456973060155,0.04894220033603358,-0.029773081905187296,0.01803584347573154,-0.0816990620270074,-0.0636613227316163,0.03671643893636073,-0.022659944311095418,0.0696570568304276,-0.12472262141290197
mean_NfUnfilled,-0.04563069022058187,0.05944009477312656,0.029717855546801866,0.07978771749756576,-0.06982232806943656,0.008178623966953052,-0.030703564413275,0.1126081854674043,0.011128226158907954,0.13096939314314665,-0.03802817744792196,-0.1284411488301882,-0.0006056617666279328,-0.008554232657161622,-0.06608112986336749
maxdiff_NfUnfilled,-0.026421693473003577,0.0834968612231744,0.020558087181276975,0.08762395052595635,-0.08654768905215053,0.013244614403203375,-0.027038826988757533,0.11942462314550017,0.0401893269883891,0.17037961423801615,-0.010096699002860128,-0.09894751204349445,0.024702761700751,-0.0014094040120205414,0.03506995546323575
dev_NfUnfilled,-0.0384442948332161,0.07767037379115901,0.030514455128724437,0.0848162164039042,-0.06943149759657133,0.020450293396597874,-0.03360296921307221,0.13511721497087212,0.02971816376801336,0.1593463360007383,-0.019779236481835716,-0.10374928690472303,0.014977684117209672,-0.01701759107290659,-0.022055498568904874
max_NfUnfilled,-0.027758869631135406,0.082404502192509,0.020512987761907433,0.08879313141738537,-0.08808530384502915,0.011474199740176843,-0.027198923768833178,0.11833998220717618,0.03792075734447372,0.16952262123024214,-0.012622806827376922,-0.10371375446686326,0.02457522027033808,-9.816508294388933e-05,0.03214365228234219
most_NfUnfilled,-0.03836970677832335,0.02343351982247387,0.025056512503120958,0.04053146051762789,-0.040869094799963264,0.005298905159167797,-0.016063287288771474,0.06215346403780659,0.0023818618334881707,0.052386490419113564,-0.039817440564876426,-0.11268207883640356,-0.021548117989194728,0.0050983866023502295,-0.12496117993558081
mean_NUnfilled,-0.055558659268480234,0.04914461889104497,0.007792465971297117,0.12260449482404612,-0.04566725688392784,0.08288762233369545,0.04232831951424388,0.09045444424171371,-0.0019292760905034625,-0.012675196023511756,-0.007805639698306186,-0.010134631900207261,0.03877301770508408,0.07357211791744024,-0.08088269444823458
maxdiff_NUnfilled,-0.00018762973222750492,0.08408785898532362,0.033059254708614975,0.12177643760726464,-0.09789849026609714,0.032198979430159,0.03967881976793414,0.10377496065296979,-0.015400254400880147,0.0710380809730714,0.03038916902301697,0.04278613833421533,-0.07573361223672014,0.04966076420838611,0.06148136818877855
dev_NUnfilled,-0.033646856432436874,0.0763436472418918,0.04281383769234838,0.11984126067402749,-0.06307144594884664,0.058776809476615295,0.017705476073392144,0.12026328743630668,-0.03549148005580121,0.06049745719711466,-0.00017301889265152783,0.05983519449259939,-0.06309075656906926,0.012984982716374832,-0.004306488357194578
max_NUnfilled,-0.015583030074799416,0.08042876465384423,0.022682405623460234,0.1359650938908392,-0.09996986061720257,0.049775540999410776,0.04978774240210076,0.10499712243912618,-0.012125689611634616,0.05876588199312862,0.019821041635108012,0.031249288555344288,-0.038032095338276346,0.05838653268040439,0.04795104250839912
min_NUnfilled,-0.049528875408708053,-0.004252669633139267,-0.030417712817281086,0.05651457686788636,-0.0154109736679144,0.05940447752641853,0.03605679658799075,0.013205083041596316,0.009154755669370757,-0.033118977566568626,-0.03127150081745521,-0.033279002045738984,0.11448083952285083,0.03250063385479288,-0.038019255925096994
most_NUnfilled,-0.055092197306307086,0.021704593679170967,0.012006798045617663,0.06871627615667884,-0.016682081467941683,0.06641209680217813,0.020241035946696448,0.05000875515620591,0.015066047058297427,-0.04832038171560966,-0.007507021520771214,-0.05163153293553041,0.031237409062358366,0.10252047674946006,-0.13596577588747713
mean_GSvolume_pa,-0.04616474832524342,0.05069795575157265,0.0710493810703676,-0.057969771954717794,-0.03384092793954981,-0.10298802714369135,-0.11138539869147498,0.04773404727045798,0.013294133712990971,-0.09172052141688482,-0.05862634499535114,0.0365654197067296,-0.05059475528747218,0.0227826260520607,0.10403919949050093
maxdiff_GSvolume_pa,0.04349573641936192,0.06541831714326789,0.05297313800003464,-0.057878273566831645,-0.06785247639840447,-0.0710294166824767,-0.102733690301032,-0.017636429556869306,0.08226029876215002,-0.088122648739078,-0.0878402131649171,0.051330596207161724,0.08175271779963168,0.1253386111364809,0.08118619792060601
dev_GSvolume_pa,0.02701807551782932,0.07200879839620421,0.07072742861746906,-0.06011886460225888,-0.03806770338953354,-0.06764444766173072,-0.1258000568728898,-0.01650953397520972,0.05841348990635914,-0.08024330912455381,-0.09292366438543101,0.07144241294586387,0.08173073651322668,0.09755957746433716,0.04893446602445792
max_GSvolume_pa,0.024376977221664663,0.06771541144953959,0.0598724504533139,-0.06112907783509818,-0.07023318061340549,-0.09569497164862602,-0.11465630448373865,-0.003259755838002027,0.06907500017527697,-0.09642676459368278,-0.08636375992351919,0.04804496424897019,0.05581758814936915,0.11144109424698231,0.0989007289548961
min_GSvolume_pa,-0.07197588644087291,0.010986270544610929,0.028246743119912876,-0.014398909148106404,-0.011387906351489705,-0.09706648004017525,-0.04918329733408189,0.05462235918837358,-0.04790832737933633,-0.03480467791072832,0.0027618739980546357,-0.010917624583285204,-0.09688424256302368,-0.049217257918522744,0.07071088676513163
most_GSvolume_pa,-0.06816669470471497,0.011809673418457171,0.05054761811243421,-0.043273583738320937,-0.01761739020008784,-0.05580664125765273,-0.057969247894998834,0.061369902252325054,-0.00108515550171194,-0.07598801135935312,-0.039818705920755024,0.01776415506409878,-0.0995878668233125,-0.020197204841755103,0.0766480271075507
mean_GSbandgap,0.025884840675720416,-0.043314069841313814,-0.03299886819367811,-0.06633381553849903,-0.06155100762918194,0.1639764684861499,-0.08952924468081025,0.01984644871167828,0.003452890529655591,0.02281146875746829,-0.10206540089193397,0.021567533610501958,-0.0680188569514418,-0.09037217808322649,0.10329240956600882
maxdiff_GSbandgap,0.041272379135892434,-0.04405645729719887,-0.037649025077781874,-0.06662772983038688,-0.06931044003924149,0.16412800071917125,-0.07526684851133092,0.03725468408370653,0.030446840725933417,0.0033235243526077763,-0.11468219835634548,-0.009762689084697766,-0.07840502818997377,-0.058685985809765646,0.05143085844749711
dev_GSbandgap,0.032665622921108355,-0.03654910420454097,-0.023485962974510007,-0.06530414635430588,-0.05394285239120255,0.1706807028990326,-0.09333810105438803,0.02897579717504344,0.021333074461024195,0.01113090046397148,-0.11895136667049795,0.012198703358093439,-0.07776061439874782,-0.07846573999904378,0.07004658831720124
max_GSbandgap,0.040479316175374425,-0.04684353252942016,-0.03968306775274966,-0.06626622214451619,-0.06937399386092713,0.16456643645180835,-0.07796956402643847,0.03639885601751187,0.025938223645521043,0.0060057833994108245,-0.11415787946052326,-0.009442769058176053,-0.07564094272198586,-0.056190602674968414,0.05413219252837538
min_GSbandgap,-0.004160453309144605,-0.0318661790435161,-0.023757552939817683,-0.0024639258892722167,-0.0069557897468432274,0.01934848937945955,-0.03386948591784147,-0.0051539955824654515,-0.04227350184083636,0.02710421924350691,-0.005219439771198296,0.002306333058399664,0.020468600021732834,0.01958200296025672,0.031681961432588494
most_GSbandgap,0.01667876481529053,-0.02750768120710201,-0.01735798527360246,-0.05633790944224939,-0.043192173851265434,0.13982417474315287,-0.08245007765209346,0.00651709035340825,-0.0030310929174725896,0.023471416147066552,-0.08273030441355127,0.04110245546809574,-0.06222549102053499,-0.10110983143366793,0.12214125780200241
mean_GSmagmom,-0.015045916947692988,-0.0291746416683119,-0.002166234391724053,0.07023182665406731,0.0668009841290399,0.006255412715496366,0.06084507984979183,-0.08059188321991717,0.21583029533195597,0.032396257930372756,-0.12559450901873553,-0.042099814471391765,0.031956394315396035,-0.0032265259168188986,0.04993614597744497
maxdiff_GSmagmom,0.00922313774010494,-0.03391777830460454,0.011789153531492366,0.06751019355816461,0.09728340213381163,0.004679105326568168,0.07742812698654884,-0.07986102653017285,0.2103390700034536,0.047119535492153176,-0.11585732139400967,-0.0689967163208711,-0.007968604124804832,0.004339555162333855,0.04392717160945465
dev_GSmagmom,-0.002900498265455206,-0.031357993920182035,0.0080457126228534,0.07266207710061964,0.10003276569553689,0.010088770636453187,0.06767206785244761,-0.07713501779188521,0.21895377493003804,0.038914768971676506,-0.12822424178932157,-0.04904359905061515,0.01545347740515954,-0.00485817746519256,0.04232417890321153
max_GSmagmom,0.009017406958079293,-0.03416606069386299,0.01168318213832054,0.06769639998727958,0.09715265882932313,0.004407606560329951,0.07743133744597398,-0.08028325794337376,0.21029112835126598,0.04729391856446627,-0.11619721264493145,-0.06915240956143236,-0.007572726341798519,0.004383805016854886,0.0440180223210556
most_GSmagmom,-0.02636975108760912,-0.01545191436236934,-0.011351153880263115,0.043010219611199975,0.008303706898906214,0.010336570784107563,0.032526633557802324,-0.049820507918756085,0.15733735900265344,6.372213387749315e-05,-0.07759649615482168,-0.016839364087663178,0.04189624556999743,0.003749405076985306,0.04083925580764016
mean_SpaceGroupNumber,-0.09750489504854,-0.015087997794100035,0.0696659778043777,-0.02568956521555981,-0.03432100937836166,0.08354561782162982,-0.024280427491587642,-0.057013521027680245,0.059234421297379374,-0.04851306719968621,0.024896325210357145,-0.0018433405150378738,-0.015219428374503147,-0.027770896801529735,0.05678317982881788
maxdiff_SpaceGroupNumber,0.10730970913883303,0.015744597025449922,-0.007557635258500882,0.004231256739376318,0.053683786132140476,-0.04333109375311257,0.04792465583482674,0.04376966535552681,-0.032609529813887414,0.018552602325061576,-0.015443722542605004,-0.025554182793663244,0.014364036071905617,0.005916340635391568,-0.028252591768392506
dev_SpaceGroupNumber,0.09832344137045101,0.02109719453634163,0.03496253450877676,0.014427971569158184,0.08997705285401766,-0.03009725854536263,0.03656571107714253,0.021297325032942176,-0.05169003160327227,0.020238968737835875,-0.016586833116170173,-0.031409550960393426,0.024405020711124374,-0.002704620334244592,-0.0018321382015094115
max_SpaceGroupNumber,0.02706921942053844,0.004720526652873889,0.07702554163054535,-0.021680770865607324,-0.010708170440818555,-0.004821465179025613,0.07485599239881688,-0.04910667820585213,0.054301685652944874,-0.0808232456470024,0.02690550183468109,-0.0297926806445834,0.029636155902745334,-0.008787871916548657,-0.016323562978416205
min_SpaceGroupNumber,-0.10368237434497579,-0.015008579548304587,0.02878323936854121,-0.010279053312501816,-0.05846871746182515,0.043528923180290655,-0.029222899378147503,-0.058659139485418,0.04852390620876933,-0.041194884459947304,0.023304136954072647,0.01833670180515175,-0.006799205528466346,-0.008514099161515708,0.02479471801745976
most_SpaceGroupNumber,-0.10103060617891793,-0.021833047577066163,0.030654570044192215,-0.03477544548045208,-0.06017293954919875,0.08666001805420707,-0.03412667627720243,-0.02755739035495763,0.06585766989003529,-0.039278156797861466,0.005328485575837407,0.018618825701415636,-0.025112126254233515,-0.055135074537663406,0.019476312090342902
frac_sValence,0.03828030484327409,-0.06508325911322241,0.027433310507932962,0.06855913808708482,-0.09777927876494065,0.02784554373267244,-0.10864337097297427,-0.1169375083695852,0.011584485706316674,-0.00975078247690238,0.10893945743254421,-0.030345556734182863,-0.06838132704137366,0.015240503269731873,0.018646039919385203
frac_pValence,0.11671748229405772,-0.031209820976349792,-0.02175238007048769,0.024975719327647854,-0.0076521814951372325,-0.012572442332158486,-0.03606915620811709,0.038434044964188036,-0.0530873667847285,-0.0001566717723671018,-0.017865032634433876,-0.02252212919293622,0.014359092057223074,0.00813911876204007,-0.02566158905782145
frac_dValence,-0.07594345922454966,-0.010023761081092264,0.03367964621260077,-0.03353894251643016,0.0675781429945759,-0.022171624246963204,0.08125919279648178,0.07315579423622462,0.09016597266194853,0.02945020223005223,-0.009218943262165397,0.17302756582097734,0.02991499118759991,0.028788584565113816,0.07042621159589449
frac_fValence,-0.06629365614330036,0.09990940409782674,-0.03996197265861929,-0.04025868442854499,0.0006225237257275595,0.020265219931640478,0.024101443106366017,-0.04346659964864635,-0.06359498878109064,-0.029481345328305642,-0.054723602402749434,-0.17016100154447264,0.00012785608032051817,-0.0579328705572318,-0.07522628831640234
CanFormIonic,0.06724724112738953,0.005792185109106585,-0.002619197043756277,-0.01848477126199129,0.019084164339105984,0.005835891133774068,-0.041588751771127225,0.036591963387168566,-0.03488214895255816,0.02686642314372441,-0.02807105389104725,-0.002483838041635975,-0.043717556748925294,0.0045019361635254464,0.028995007976661172
MaxIonicChar,0.11656300016199952,0.03465084431939229,0.03383708836880063,0.009041444182466959,0.013789861955653009,-0.04030369516532226,-0.00388162596074011,-0.011151865128328947,-0.010828745332625815,-0.0013463553333990077,-0.03156350591318761,-0.030452122225664936,-0.01280555124595388,-0.015770236304272416,-0.08124783997837746
MeanIonicChar,0.10483853780513261,0.042812774767138156,0.06421598060497855,0.024306478414638878,0.05288485271470141,-0.04289720752718368,-0.02274349607792338,-0.027702774749005697,-0.04324764674289272,0.010362017567711804,-0.021337696046726307,-0.02534834820776128,-0.004589026746563806,-0.029000475918188714,-0.06709290117082281
