Feature,trans_Pearson,trans_Spearman,trans_Kendall,trans_DistanceCorr,origin_Pearson,origin_Spearman,origin_Kendall,origin_DistanceCorr
nsites,-0.21988857713997373,-0.296693897410433,-0.20692230743581194,0.3081077417932003,-0.0283425193271638,-0.03528333286603478,-0.024879909418852902,0.0816846655360182
nelements,-0.29850788270395323,-0.3559450435494492,-0.24719217516950096,0.35390897624860074,0.0032081766663438274,-0.001887757242409719,-0.0015421499101691077,0.02186049645649172
volume,-0.022074638614159016,-0.07474864963873884,-0.05132866511059242,0.15213649344211708,0.001840060073839047,0.022359087303697157,0.015254605491831769,0.05870254220522824
density,0.6025856798696507,0.5870810518978946,0.41769701011448257,0.584613527486928,0.3317601162784498,0.5449329914637493,0.3824383037886687,0.4238613212880123
density_atomic,0.3679735933460624,0.38842894449210486,0.2735089474269201,0.3830961454394965,0.05376046995600893,0.08510615788428588,0.05444907890163365,0.08643217437015645
uncorrected_energy_per_atom,-0.31528300286767513,-0.15337305126367237,-0.10103812381905079,0.29916403152599313,-0.1631973227863858,-0.1861513792875209,-0.12080726451164407,0.19627522757148247
energy_per_atom,-0.2790304819583253,-0.12458867606540844,-0.08142580860286762,0.2695507081319575,-0.1456801396750583,-0.16978150204156034,-0.11051007994438651,0.17646852221533074
formation_energy_per_atom,0.3749298312244407,0.35827670958630103,0.2446988996332111,0.35321158677583936,-0.06895925593524391,-0.051793119892708205,-0.03474104970455335,0.09298154161215784
band_gap,-0.6690049631235506,-0.620540714726746,-0.44628431699455373,0.6235608297449137,-0.2093849876416249,-0.32996998242592573,-0.22333990184879696,0.2585550010658362
total_magnetization,0.13712820662015102,0.017662661962517992,0.012468600644659331,0.16684733354716616,-0.028810954892893384,0.0057243591720885474,0.005847599643940737,0.07203201282985353
total_magnetization_normalized_vol,0.17717156261289635,0.06392972799219199,0.04367633655662999,0.1757116706106783,-0.037664152164619595,0.000781491111366585,0.001813172782674583,0.07550112248321561
total_magnetization_normalized_formula_units,0.17614317161283138,0.04895223077247008,0.03341913971323775,0.18456141003307813,-0.032623694196018946,0.0040528576183328675,0.0040371410937772466,0.07374282860010237
mean_EffectiveCoordination,0.512262855492549,0.4749462794384754,0.32789463154384796,0.5038798288014307,0.21995645184451906,0.21766106789414555,0.14557026188549152,0.2662367382412788
var_EffectiveCoordination,-0.1269352440326264,-0.23343750415972267,-0.16074691563854618,0.25255633811383693,0.06111907013084656,0.00454718590508791,0.004013856593450433,0.1357643024831579
min_EffectiveCoordination,0.5176127093140217,0.5186221531802392,0.3616641102589752,0.5123790243761035,0.167103090458642,0.25164389621188094,0.1719054799071058,0.251294118839856
max_EffectiveCoordination,0.3501718366866593,0.24590044554449392,0.16208113815716352,0.3601115085015366,0.17158151558203202,0.15443224157772453,0.10524352363119358,0.24952250487985003
var_MeanBondLength,-0.35001760726472875,-0.40970453174494786,-0.28545648549516506,0.3967670518622382,-0.10453163653463461,-0.17589382369942824,-0.11877282255115146,0.16888560117504248
min_MeanBondLength,0.375687212729488,0.4103942513771389,0.28358208291652776,0.39220618764827014,0.062072847608250874,0.15538175537424107,0.10153647714963593,0.17188813420571994
max_MeanBondLength,-0.4443748212559503,-0.5003067755896417,-0.3527086806713349,0.4844836250487896,-0.0305653678785635,-0.08409962197144927,-0.058246004311796655,0.09888675315283499
mean_BondLengthVariation,-0.1001769058156283,-0.0812922636991404,-0.051601644992775364,0.20619768676009836,-0.30294432303028557,-0.35895998984794597,-0.2477012745768951,0.33977415035253944
var_BondLengthVariation,-0.48097120495350876,-0.5097145908571767,-0.35649527620317883,0.490403214694595,-0.14783177400482517,-0.17133985059905776,-0.11596851390406479,0.1917026421280706
min_BondLengthVariation,0.23210391912835582,0.2587107536345281,0.18243503390018895,0.27943232245427313,-0.1958058017494333,-0.2094654154952583,-0.13951741261886003,0.21410740671412573
max_BondLengthVariation,-0.26605650970941624,-0.2576656330739592,-0.1738868511726131,0.30530446688323404,-0.2998659624097605,-0.37926405218885534,-0.2636435651772971,0.3431979120993194
var_CellVolume,-0.28477569905053673,-0.36596357266261914,-0.2540744692675336,0.359906629432146,-0.0659825427245117,-0.17160972183997078,-0.11612794336721755,0.14616549872881926
mean_WCMagnitude_Shell1,-0.5902947166220509,-0.5826585509620611,-0.41298166055351787,0.570978854043732,0.17502051629030077,0.22936080147449128,0.155550985373715,0.21425306425266888
mean_WCMagnitude_Shell2,-0.6161191153376342,-0.5771846752427416,-0.41047326886740026,0.5823803651362527,0.14592181392366788,0.15281411784458684,0.10184025327342999,0.18474830123954075
mean_WCMagnitude_Shell3,-0.6399452487350716,-0.6032812025868003,-0.4309841058130488,0.6052909860000119,0.12269667095355263,0.11834010617415877,0.07894386226167557,0.1856606124050862
MaxPackingEfficiency,0.39913478537076563,0.4043145013682779,0.2772719795487385,0.4102499237382812,0.30447485974641453,0.40048763781778324,0.27730901580168205,0.3423244332775224
mean_NeighDiff_shell1_Number,0.24152802079768182,0.30665941807326863,0.21181015894186953,0.3194666454758807,0.31970091992775473,0.43816339331885185,0.30413006618247235,0.386838007744446
var_NeighDiff_shell1_Number,0.3419478969017117,0.33358745039860555,0.22804934978326108,0.3590175738186417,0.2483147124120676,0.3206654274391322,0.2176041536580236,0.2840538736736407
min_NeighDiff_shell1_Number,0.2152037131235826,0.3061474264608251,0.21255751917305768,0.321170744577943,0.27051623766107896,0.37989384883511373,0.26167530926592913,0.3281468559152807
max_NeighDiff_shell1_Number,0.25156080253530566,0.2588436647604072,0.17584039124152495,0.28819561853607867,0.29786309235838776,0.377604384473013,0.26047458400812473,0.339217909685249
range_NeighDiff_shell1_Number,0.22319022996543852,0.18982324686924962,0.12632788707346893,0.25304291858793326,0.20432204819870506,0.2735575623584124,0.18444289239129077,0.24425974848496068
mean_NeighDiff_shell1_MendeleevNumber,-0.508810409857345,-0.4006278676253186,-0.27840702456374344,0.44662131995291704,0.05476940474964736,0.008622520536470583,0.008654867602704648,0.10169000384692055
var_NeighDiff_shell1_MendeleevNumber,-0.23679530148980907,-0.2273381243709027,-0.15601022563076583,0.24541940642020066,-0.018655523031677015,-0.10416621109241461,-0.06772050221784592,0.1364474443503816
min_NeighDiff_shell1_MendeleevNumber,-0.4628680491230487,-0.30579092419899156,-0.2096658886295432,0.40267910972141147,0.1089788614823058,0.08878018233407547,0.06342374431633203,0.14530153645214952
max_NeighDiff_shell1_MendeleevNumber,-0.3714598504734382,-0.3429796341088482,-0.2366695565188396,0.34891797145689246,0.02667273223689777,-0.0943452736665408,-0.0559260512600214,0.11490758351994901
range_NeighDiff_shell1_MendeleevNumber,-0.23238482540485905,-0.26074039163782126,-0.1792268533955763,0.2611313139152112,-0.03986211543072793,-0.0842780312052704,-0.054089400241054304,0.13358453785541816
mean_NeighDiff_shell1_AtomicWeight,0.26985390814867355,0.3291402107933567,0.22748116038679558,0.3372709848696649,0.3294115226645731,0.44939534439599,0.31305613486270417,0.39639887716622874
var_NeighDiff_shell1_AtomicWeight,0.3473997866401087,0.34069472007719104,0.23331599422029564,0.3637253644847065,0.2555544813434322,0.33182615099927804,0.22567008025100146,0.2924318167403163
min_NeighDiff_shell1_AtomicWeight,0.2534442600614028,0.3356851146316793,0.23286384350339,0.3425688051251179,0.27780600543241124,0.39456207737435484,0.271973582325345,0.3348326910913522
max_NeighDiff_shell1_AtomicWeight,0.27349414533419414,0.2800144186682687,0.19067200177837054,0.3049898819065577,0.30544965940166524,0.3903918084836314,0.26933781592060124,0.3471045837947933
range_NeighDiff_shell1_AtomicWeight,0.23739239413845176,0.20670127630014182,0.13823985773035458,0.2633915340270924,0.2125502719195592,0.2868910729311521,0.19429023292144695,0.2534940331374137
mean_NeighDiff_shell1_MeltingT,0.1584588149695875,-0.005918196213132912,-0.00911237079026342,0.23841605106994979,0.10280243254341212,0.16501471898298498,0.10978449774070212,0.14414636590450733
var_NeighDiff_shell1_MeltingT,0.2304673677025377,0.04938065704229522,0.02580193397799266,0.28839147440277074,0.05220728505155455,0.05408772808600937,0.03697246779831059,0.08344859659588115
min_NeighDiff_shell1_MeltingT,0.19047078137119644,0.13571715774635082,0.09055729687673669,0.18327402073134977,0.11182873451078489,0.19118794785514795,0.12461872703486147,0.175250341548506
max_NeighDiff_shell1_MeltingT,0.0988920429115208,-0.05455947939549771,-0.04607802600866956,0.2510362683011262,0.0608142799913232,0.0688077628560778,0.04755431807304794,0.09601903419413513
range_NeighDiff_shell1_MeltingT,0.06190235501495414,-0.07454744606082733,-0.060248971879515396,0.2425917692875456,0.02367958097156657,0.007912586594492494,0.006506477694160444,0.08531577061489656
mean_NeighDiff_shell1_Column,-0.6441866761613764,-0.5775959895106655,-0.41149983327775924,0.5845210582839669,0.038917560291108114,-0.02656889274208615,-0.012195082286962049,0.12008568403304572
var_NeighDiff_shell1_Column,-0.20909544364534946,-0.23971301285700136,-0.16560275647438036,0.2475094971681436,-0.037871702856621205,-0.1448601535635367,-0.09308570802217608,0.12256486161401244
min_NeighDiff_shell1_Column,-0.5539299011754308,-0.43730834947870545,-0.30544403690118926,0.4849283225023026,0.07862839515369058,0.08094977699452865,0.062298169124534224,0.1257789783996224
max_NeighDiff_shell1_Column,-0.4386125851468293,-0.4282686586965176,-0.2978992997665889,0.4195312476865805,-0.009180379246886361,-0.15523541049159445,-0.09781922414457586,0.12301927209740962
range_NeighDiff_shell1_Column,-0.1886181742321444,-0.24613559845951088,-0.17086673335556296,0.2522057611273759,-0.07441381984025791,-0.14751578647644834,-0.0962932153366273,0.1356107557153325
mean_NeighDiff_shell1_Row,-0.199284137777423,-0.07212613112512568,-0.04854418139379793,0.19559070733777975,0.26294059277931214,0.34165092545420456,0.23339223969702513,0.31425590820932064
var_NeighDiff_shell1_Row,0.1553660580973948,0.13122439102493233,0.08523907969323108,0.22112438402790288,0.17393967263413407,0.20807979607380966,0.14036739663370085,0.21434786821579443
min_NeighDiff_shell1_Row,-0.17105533367612408,-0.021879660653295625,-0.012173391130376793,0.20720780892827842,0.2352901618821111,0.31050867132202853,0.21348784064405799,0.28359831986376716
max_NeighDiff_shell1_Row,-0.12556007866101615,-0.0965288613920957,-0.06829432032899856,0.16320342701141677,0.23561447242730965,0.2613395046446626,0.1798041325803775,0.27326317737216066
range_NeighDiff_shell1_Row,-0.04767212228640211,-0.09398258377584262,-0.06988507280204513,0.18043118436827635,0.08970417256326597,0.10912982001527857,0.07429817072788898,0.12766095371056815
mean_NeighDiff_shell1_CovalentRadius,-0.5763631591592118,-0.4842938858104317,-0.34108036012004,0.5081007377142097,0.11173967449311381,0.11694916932418546,0.08189954814042405,0.16891950130356045
var_NeighDiff_shell1_CovalentRadius,-0.18701486604753206,-0.18583617442624156,-0.12691030343447815,0.19757219259431227,0.019577532746479602,-0.013339519275799985,-0.006462916437240292,0.11942409158062814
min_NeighDiff_shell1_CovalentRadius,-0.5713871427310176,-0.4482133671348185,-0.31493608980771365,0.503394998876518,0.14737735979657687,0.16016113687362704,0.10946987905478595,0.194717469882295
max_NeighDiff_shell1_CovalentRadius,-0.46396370066948034,-0.42855751383972374,-0.29700122262976547,0.4185700809887141,0.08809981756982743,0.06488199029928204,0.046047517474464096,0.14562004954329294
range_NeighDiff_shell1_CovalentRadius,-0.3028012113489908,-0.3278855368761707,-0.22431165944203624,0.31187483817329137,-0.002019171154655947,-0.026073693772855136,-0.015611252445752398,0.12108780052469453
mean_NeighDiff_shell1_Electronegativity,-0.5467361820628625,-0.47059374651041624,-0.3296036456596644,0.4963674966121361,-0.0033863152913382235,-0.027456708860373196,-0.01942789487719214,0.10624757014484942
var_NeighDiff_shell1_Electronegativity,-0.16854790226313635,-0.1752148754683195,-0.11791130376792265,0.18534201719968038,-0.03422941957800603,-0.10649914513553861,-0.07143175249754394,0.12230493477463802
min_NeighDiff_shell1_Electronegativity,-0.5905591028313544,-0.4865113229457025,-0.34285961987329105,0.5305904710031771,0.034377675976783026,0.05432120562293339,0.03555224377804714,0.12445617938440683
max_NeighDiff_shell1_Electronegativity,-0.4150736608029303,-0.385254809917201,-0.26570190063354454,0.38980691002697015,-0.00308070483378085,-0.06995844252246883,-0.04437007042332966,0.11169469076588155
range_NeighDiff_shell1_Electronegativity,-0.1766295932085661,-0.21371351530150165,-0.14540713571190397,0.21250583648116436,-0.03915047652102998,-0.10821614064140979,-0.0724962444145719,0.13430235901472054
mean_NeighDiff_shell1_NsValence,-0.24207050144092926,-0.10012645023627223,-0.06426808936312105,0.28686775997259634,-0.24796158961479775,-0.3507479968027952,-0.2554833856395316,0.3005810260739705
var_NeighDiff_shell1_NsValence,-0.196136537112606,-0.1395964315107146,-0.09399711014782705,0.25329741279880785,-0.24051971415319312,-0.34118266783157597,-0.24762864807002108,0.28829635580564134
min_NeighDiff_shell1_NsValence,0.12127320173983287,0.22959555351061703,0.15962031788373904,0.28228544945783623,-0.1395574457740091,-0.31399209980177184,-0.2369274777394445,0.1583138246939793
max_NeighDiff_shell1_NsValence,-0.16447723296014066,-0.10713389457043271,-0.07105079470934755,0.2406431540780479,-0.25207248418068495,-0.3157096571413996,-0.23323236554489712,0.2982762368018254
range_NeighDiff_shell1_NsValence,-0.22202427039752176,-0.19389245443249492,-0.133135045015005,0.2624255889012785,-0.22454981545631936,-0.3199499642467338,-0.2304428908921523,0.27969046645471424
mean_NeighDiff_shell1_NpValence,-0.6608951645216474,-0.5884268058252006,-0.4220153384461487,0.6054209684082136,-0.02683652844372382,0.00487113120163058,0.003083907979018293,0.12665967960320915
var_NeighDiff_shell1_NpValence,-0.10199308786090557,-0.12521275035697227,-0.0848487273535623,0.1398239372498261,-0.04031872577201949,-0.13132696859387677,-0.08589232614983779,0.1326316212857194
min_NeighDiff_shell1_NpValence,-0.653464276921169,-0.5677625079736119,-0.4049278648438368,0.5915937812810987,0.006997211004095159,0.029432627107613556,0.017917121078066707,0.13217954758039616
max_NeighDiff_shell1_NpValence,-0.560584117273655,-0.5310538732282081,-0.37398999666555516,0.5289843548849641,-0.05235645398715695,-0.10176380210746443,-0.06657289993907294,0.14269468466931648
range_NeighDiff_shell1_NpValence,-0.10714084916302337,-0.16558190195354464,-0.11325908636212072,0.1787094980308387,-0.06993281813641176,-0.14227755860016056,-0.09613577833113052,0.13781137690868234
mean_NeighDiff_shell1_NdValence,0.45161100302856083,0.4776838752982083,0.33250327887073466,0.45595421639276296,0.050922390698296294,0.2080920983147454,0.1383930813822003,0.15590779380288886
var_NeighDiff_shell1_NdValence,0.42602568974215604,0.432757293417477,0.2963743470045571,0.41540895996502175,0.09207878733778219,0.16025491767505373,0.10796206750105876,0.13379227314317202
min_NeighDiff_shell1_NdValence,0.44819058811974527,0.47968066085340666,0.33372012893186614,0.45465072684538804,-0.03801144046465808,0.17426756053072473,0.11485784889281317,0.10830653682894864
max_NeighDiff_shell1_NdValence,0.4341236568153813,0.43474217408246374,0.2978317216850061,0.41676748958269405,0.06933545219147041,0.17283840463288994,0.11982360492425682,0.13409277813277515
range_NeighDiff_shell1_NdValence,0.2499360700917162,0.21627392669710294,0.14531643881293765,0.23507950865141222,0.098672192661273,0.1472564375821772,0.09928415856749973,0.1219845275625533
mean_NeighDiff_shell1_NfValence,0.5154866107040927,0.5260080571120063,0.3696983438924086,0.5135275803223255,0.263530657646258,0.3624032114234752,0.2787224062445983,0.338694835005542
var_NeighDiff_shell1_NfValence,0.4681369131944208,0.4534962934995881,0.31513837945981993,0.4577305791427228,0.2755558622307721,0.354186388265828,0.27409669319217717,0.32431113232967207
min_NeighDiff_shell1_NfValence,0.5597235817733794,0.5861577757953084,0.4164099144159164,0.56262174061772,0.09051610591103082,0.32255753074307814,0.2490732383023018,0.14214295175251362
max_NeighDiff_shell1_NfValence,0.4694699449758303,0.45559166484351826,0.31653528954095805,0.45896864437341633,0.2618748027642606,0.34240195778288124,0.2706481866278477,0.31529244340987383
range_NeighDiff_shell1_NfValence,0.41652924766976074,0.3921880053542227,0.2700597977103479,0.40736140810863336,0.2590799813138962,0.3501310431549339,0.2706066768578199,0.31313004045409415
mean_NeighDiff_shell1_NValance,0.37744362178016394,0.43108290078698897,0.2983101033677893,0.4192805444950051,0.17212935212311165,0.19477015928067273,0.13183625955237793,0.2144884059256566
var_NeighDiff_shell1_NValance,0.5105029588935269,0.5013551348172371,0.3483405579637657,0.49222056032108724,0.25062125086451875,0.1804361409311636,0.12337718132724686,0.27321483145523523
min_NeighDiff_shell1_NValance,0.3258662067694814,0.4073565434840603,0.28270756918972995,0.40373192771813626,0.05413476804860326,0.13040293094960528,0.08638713304253265,0.10281734399969925
max_NeighDiff_shell1_NValance,0.4633199288705343,0.4651805574645064,0.32141513837945984,0.45440675611221665,0.22597193815518957,0.197974246054739,0.13913794551332243,0.2605434908362133
range_NeighDiff_shell1_NValance,0.47119073442521237,0.4333869770429974,0.29754584861620537,0.4414843689905529,0.25199680287853954,0.18443302190810865,0.12343211364605369,0.27973543718980987
mean_NeighDiff_shell1_NsUnfilled,-0.3122566742460746,-0.17687561209729022,-0.11821851728353897,0.3235240878447088,-0.24538466482160953,-0.3474626433382114,-0.2526560011796491,0.29833980122648657
var_NeighDiff_shell1_NsUnfilled,-0.2313452787545129,-0.18069309474367717,-0.12321618317216851,0.27136523435289595,-0.2388505615728561,-0.3415565785758856,-0.24858803781378694,0.2863338639173218
min_NeighDiff_shell1_NsUnfilled,0.06347384387584255,0.1808963636551515,0.12712682005112813,0.25850293929487606,-0.13095851785962898,-0.3131531409964617,-0.2359327589691417,0.15273565387963148
max_NeighDiff_shell1_NsUnfilled,-0.20747150344999155,-0.15809693267743694,-0.10726197621429365,0.2597115251865636,-0.24942813031831756,-0.3113489682908945,-0.22949561296350118,0.2955608084436707
range_NeighDiff_shell1_NsUnfilled,-0.2420160951483023,-0.21809580645508958,-0.15036612204068023,0.2745546962878042,-0.2228285360648655,-0.31908985647227145,-0.23004898590202985,0.27772945595541143
mean_NeighDiff_shell1_NpUnfilled,-0.5793491402205115,-0.6206918214102023,-0.4400497943759031,0.5922305276178402,0.20645956543684824,0.32461461083054977,0.21412568210516736,0.25753189176346736
var_NeighDiff_shell1_NpUnfilled,0.12401176662562605,-0.06826538002948666,-0.058261642769812154,0.287026430656471,0.12466458800164434,0.18962855053492372,0.12506141138718715,0.17974122321343716
min_NeighDiff_shell1_NpUnfilled,-0.6429570443995802,-0.6347527714169745,-0.4518941869512059,0.6100873570257885,0.19611038830681374,0.3008616904005073,0.19688313717032568,0.24579260059903965
max_NeighDiff_shell1_NpUnfilled,-0.35778857483126075,-0.4682843800315977,-0.3333809047460265,0.4757529502527731,0.19145692804746478,0.2799328189959926,0.18702375297096702,0.2283385125443332
range_NeighDiff_shell1_NpUnfilled,0.03457832291210834,-0.1835696470632941,-0.14003645659664332,0.3304488995439091,0.09133568299979124,0.13103214640391767,0.09118314760603984,0.1466479417226316
mean_NeighDiff_shell1_NdUnfilled,0.6721309793447445,0.5825261433917936,0.4165206179837724,0.6185099945267003,0.16733374081802527,0.2031565205818077,0.15124195587400935,0.21940821719764353
var_NeighDiff_shell1_NdUnfilled,0.6247582051523373,0.49747387038598556,0.3501171501611648,0.572374421526837,0.17288594371187577,0.19106920103209646,0.1438742827867775,0.2065810055216176
min_NeighDiff_shell1_NdUnfilled,0.6361911375094682,0.5610064632229403,0.3982425252862065,0.5791260316952132,0.0842696953438595,0.16514074805420054,0.12622530157458742,0.14388318803399278
max_NeighDiff_shell1_NdUnfilled,0.6125329473730052,0.4674934923881658,0.32862420806935644,0.5578144162099904,0.17383666237956202,0.19519917350752417,0.14699213248813797,0.2112277681605341
range_NeighDiff_shell1_NdUnfilled,0.5017360365264305,0.3133669974852219,0.21369967767033457,0.4548205836999273,0.16646740083802064,0.17211101916595256,0.1288323516665432,0.19208658276279011
mean_NeighDiff_shell1_NfUnfilled,-0.19370193600667918,-0.09617576490841831,-0.06277159053017674,0.19501381805103757,0.10217833914460833,0.19461777163194235,0.1579135932051434,0.19079282489560528
var_NeighDiff_shell1_NfUnfilled,-0.23502640162190647,-0.15110545501171718,-0.10248838501722797,0.2204627332960494,0.0992959987316029,0.19458168158102987,0.15797853145669277,0.18804389681020262
min_NeighDiff_shell1_NfUnfilled,-0.03645602820125486,0.042789574976619435,0.03246282094031344,0.1418366784511192,0.0436464411569443,0.19345861022300115,0.15700658175169313,0.1523702047545178
max_NeighDiff_shell1_NfUnfilled,-0.2512021679044465,-0.16914397034933004,-0.11512504168056019,0.22877465441959677,0.0991371081088331,0.19448130601628674,0.15786780901930628,0.18794687837061227
range_NeighDiff_shell1_NfUnfilled,-0.2868244211899058,-0.21399937577770836,-0.14727486940091142,0.25596087381972343,0.09865852246484008,0.19444956024881208,0.15763760563605864,0.18753452683201455
mean_NeighDiff_shell1_NUnfilled,0.2613353801624057,0.2437656506406278,0.16475669667667,0.25065611897723156,0.26286710864859464,0.4236566102954801,0.2865178982143776,0.35882593294358195
var_NeighDiff_shell1_NUnfilled,0.26196465807208835,0.22138798593199838,0.1498268311659442,0.26649519812759503,0.19342596308552984,0.29345721164586674,0.2001595629879614,0.27134436003855866
min_NeighDiff_shell1_NUnfilled,0.30326970053240665,0.3045126876125208,0.20615005001667222,0.2937349585147608,0.2559766524889056,0.37955184652374657,0.25549049089931825,0.32122338296960506
max_NeighDiff_shell1_NUnfilled,0.1889963433565393,0.14178442330938035,0.09514104701567189,0.2046697295523957,0.23984977704279578,0.34867169716721935,0.24329628379012178,0.3239791501003392
range_NeighDiff_shell1_NUnfilled,0.10152429624469395,0.049138039237559904,0.030788040457930422,0.1718577815479168,0.1667099628929031,0.2477239439053248,0.16996591782350395,0.24345428053730342
mean_NeighDiff_shell1_GSvolume_pa,-0.41985038887930953,-0.28505454811717196,-0.19405135045015007,0.3500586402123654,3.106063806594325e-05,0.0021845455561475217,0.0036452902328814735,0.10491184948528477
var_NeighDiff_shell1_GSvolume_pa,-0.3479176889791411,-0.25660840851204536,-0.17390507947093475,0.2897344930368732,-0.04168461117681364,-0.02060064898073891,-0.011791797010775113,0.12782097548988428
min_NeighDiff_shell1_GSvolume_pa,-0.3498010111558112,-0.16194637977181994,-0.10726864510392353,0.31094727617900764,0.06930835384764697,0.07480253522223895,0.05012046736909407,0.08789825976933989
max_NeighDiff_shell1_GSvolume_pa,-0.3888611002006446,-0.2999513302168144,-0.20418761809492053,0.3247667134643856,-0.009346437130623851,0.0003538085271013338,0.001319084970869077,0.11319203025199794
range_NeighDiff_shell1_GSvolume_pa,-0.3782401125892566,-0.3113211932579103,-0.21200088918528398,0.32089530180029746,-0.037580326052930255,-0.023096868136165197,-0.014392271404982233,0.12235725381406021
mean_NeighDiff_shell1_GSbandgap,-0.7137486531282209,-0.706687496743055,-0.5154389240858064,0.6805523625238213,-0.08062421382530506,-0.17983709457019015,-0.1292945886249683,0.14434635285605027
var_NeighDiff_shell1_GSbandgap,-0.6877161272680388,-0.6936092517343612,-0.5060718017116816,0.6708579351193165,-0.0713667250500727,-0.23593104587873823,-0.1698315746219149,0.16887233006330649
min_NeighDiff_shell1_GSbandgap,-0.6336063075439444,-0.5747379283042142,-0.40761275980882516,0.5746080217694565,-0.06885647994127272,-0.14180507936408682,-0.10129926858287591,0.11124244490984797
max_NeighDiff_shell1_GSbandgap,-0.7186068362695253,-0.7265341998371332,-0.5336107591419362,0.699781308839466,-0.07974440616044198,-0.20659119153085795,-0.14919611701588378,0.16075646277644662
range_NeighDiff_shell1_GSbandgap,-0.6474609291777835,-0.6633788043754226,-0.4803996887851506,0.6426105510083886,-0.061998099431384714,-0.247143301901201,-0.17717491820355452,0.17339278231509034
mean_NeighDiff_shell1_GSmagmom,0.19741485231476874,0.053772479308053255,0.035137045681893964,0.2216959016651431,-0.023394857242260862,0.06827325137358448,0.05335203305496467,0.05877045822226689
var_NeighDiff_shell1_GSmagmom,0.1330043476321946,0.0002944520327168925,-0.000444592641991775,0.19089352206108784,-0.017321879808905833,0.06826219450782244,0.0535322548631768,0.0498219544284068
min_NeighDiff_shell1_GSmagmom,0.3188255177565731,0.17594985199442797,0.1163129932199622,0.30969547404906683,-0.01880255766306848,0.1012308579673472,0.080234260671832,0.050011265546955126
max_NeighDiff_shell1_GSmagmom,0.13666246233293544,-0.002536638504070945,-0.0024421473824608204,0.19866590798325692,-0.026814346646551482,0.06644227729320933,0.05208449173459966,0.05253844294816101
range_NeighDiff_shell1_GSmagmom,0.10306166963051523,-0.028370926263436246,-0.019670556852284096,0.188178582053466,-0.022690592855185272,0.06676196047964798,0.05176743350142428,0.044311654027999574
mean_NeighDiff_shell1_SpaceGroupNumber,-0.5094913775774171,-0.4536994850777205,-0.31659664332555293,0.47355956235652763,-0.07822058412807184,-0.08593250300394237,-0.05906947504373545,0.10163950176213274
var_NeighDiff_shell1_SpaceGroupNumber,0.03366544633690017,-0.012705758745084304,-0.00935245081693898,0.08919034619401972,0.0036926147949532064,-0.07243167560615288,-0.05070647774594206,0.10133424826033406
min_NeighDiff_shell1_SpaceGroupNumber,-0.56561078012618,-0.4640048084449786,-0.3255631877292431,0.5074839165710076,-0.08271461106771197,-0.07088266967979391,-0.04847831768736067,0.10910913956833761
max_NeighDiff_shell1_SpaceGroupNumber,-0.3316288609455568,-0.3370454676717186,-0.2286539957763699,0.33126271042372524,-0.030353088730385565,-0.06274348113060904,-0.04146029086886534,0.08481119470089407
range_NeighDiff_shell1_SpaceGroupNumber,0.007613432345181492,-0.05829595358843928,-0.04064065799711015,0.11782955053355029,0.04621137738340615,-0.052792052259084725,-0.03820964154924731,0.11043005349866283
NComp,-0.29850788270395323,-0.3559450435494492,-0.24719217516950096,0.35390897624860074,0.0032081766663438274,-0.001887757242409719,-0.0015421499101691077,0.02186049645649172
Comp_L2Norm,0.5486618919309434,0.5168824632091624,0.3605833055462932,0.5394232860732426,0.02623000861006494,0.06142887545812463,0.04768385258596063,0.06536937253763725
Comp_L3Norm,0.53792404476056,0.48796600799622303,0.3390939201956208,0.5212072448907439,0.046729782423479096,0.06142887545812463,0.04768385258596063,0.08749689873376323
Comp_L5Norm,0.5235934432048412,0.4642164480240497,0.32111548293875736,0.5026431044646772,0.06781409838333825,0.10284284769279525,0.07965690484265288,0.11789634972817038
Comp_L7Norm,0.5201330876076949,0.45874704741633854,0.31702478603979106,0.4980105995631848,0.07441906976439955,0.10306237217957986,0.0798630029146908,0.12073112192988211
Comp_L10Norm,0.5184382310123854,0.4562159698017743,0.31513615649661,0.4956499288134076,0.07769581638661613,0.10306237217957986,0.0798630029146908,0.12158142501526284
mean_Number,0.5338280786974599,0.5616534135170459,0.39787795931977327,0.5400465976824503,0.2600336084699759,0.4257906218108199,0.29179557987304316,0.32665092733698337
maxdiff_Number,0.2718788739579857,0.27807153178572575,0.18962009558741802,0.3001815709932129,0.28126406347152527,0.37103690914609533,0.25728878209931133,0.3288252976192499
dev_Number,0.3179661472515801,0.3606975187441688,0.24914749360898078,0.3645994143615211,0.30509597365885605,0.41884547285932416,0.2899474966191399,0.3673846897559536
max_Number,0.43857352976836306,0.4473873052652561,0.31093342225186177,0.44318191205986607,0.30535686713667753,0.4429469865471759,0.3122386741688414,0.358898443776289
min_Number,0.5271773016646152,0.5475186826131869,0.38901456040902527,0.5303526660313499,0.0695857555524806,0.18181250450512562,0.12901180917932248,0.14321741925434356
most_Number,0.575029563181543,0.5945643682849298,0.4243143269978882,0.5706273666194677,0.09349616276911846,0.08568843583737112,0.06260341270476819,0.10849496086266959
mean_MendeleevNumber,-0.429134509062183,-0.42999963177773687,-0.2964494831610537,0.4211546507885335,-0.12070864364298703,-0.05217767507093069,-0.03385063070459295,0.14642704259001948
maxdiff_MendeleevNumber,-0.3880368619700596,-0.35663512984834767,-0.2468271646104257,0.3631933307717326,0.008972746873142307,-0.14911778888435176,-0.09560166812257803,0.13022837302263873
dev_MendeleevNumber,-0.44513214723800015,-0.3432700670300074,-0.23652284094698234,0.39279756382962305,0.035781339468100186,-0.017569443371857243,-0.007531317032734444,0.10732497883751595
max_MendeleevNumber,-0.7055139812333662,-0.6598573124285901,-0.4800924752695343,0.6647764956408446,-0.20407323796497473,-0.2397199376929598,-0.1750501226373887,0.2310451862460294
min_MendeleevNumber,0.16627180676351588,0.16998900466544495,0.11709947760364565,0.20165302545844283,-0.03292850575226313,0.16500087514750295,0.11263175499507981,0.11583276805184015
most_MendeleevNumber,-0.5988150538585311,-0.5782208135800903,-0.41069778815160607,0.5698422197222142,-0.14882472564436017,-0.17994841678660278,-0.13065093607683792,0.16935449655534077
mean_AtomicWeight,0.5337830186739817,0.5625429482825497,0.3984537067911526,0.5408445878090651,0.2637202806895811,0.4295853718467258,0.29347937044511485,0.3302830413951197
maxdiff_AtomicWeight,0.29801039505973825,0.3037179399686599,0.20761320440146713,0.32106773965422786,0.28992811358760784,0.3848051732534251,0.2657931363480099,0.3374945261907739
dev_AtomicWeight,0.33775980093504,0.3773049605894401,0.2606984550405691,0.37847127640137945,0.3127499876503652,0.4269285861818747,0.29586098257930893,0.37460940290471195
max_AtomicWeight,0.4365942676170221,0.4456059450673272,0.3096267644770479,0.4415747448633798,0.306917630828075,0.444830676108132,0.31367703534117947,0.3595206699261172
min_AtomicWeight,0.5310097223908983,0.5530965014551668,0.3932675336223186,0.5350388196805487,0.06413280571449578,0.1818232695616183,0.1290311708735677,0.1365841898032277
most_AtomicWeight,0.5782544622064865,0.599276577252953,0.4279310881404913,0.5745906337347487,0.09006825875404827,0.0866466725124441,0.06302175315929069,0.10620274101399628
mean_MeltingT,0.6295538217534735,0.5370956947884105,0.38141247082360785,0.5776986327462019,0.22184457260266865,0.2866293106156903,0.19921251031359705,0.24114035866421607
maxdiff_MeltingT,0.14369759387664963,-0.03719315213257245,-0.03465288429476492,0.27552179173495484,0.05109241594080961,0.06519594729164073,0.04536255292651684,0.09430325620488035
dev_MeltingT,0.2582555354034747,0.0650117156679684,0.03877737023452262,0.29307395689602805,0.07834822328998647,0.1283119899918343,0.08589250679546587,0.11573114400136536
max_MeltingT,0.4845195586804731,0.27481966964662996,0.18725797488051574,0.4477859970361122,0.06590979410037949,0.09527624876232098,0.06749223770613848,0.1060368290248894
min_MeltingT,0.6459488958362433,0.5920708648967627,0.4239897743692342,0.6040469451464935,0.07930652806685433,0.24291341385782142,0.17714705720391513,0.1132359497610522
most_MeltingT,0.5925801187078171,0.5241736120192901,0.37028209403134377,0.546191426200345,0.20130778003201616,0.24549534112871682,0.17921271026423097,0.18268403202178166
mean_Column,-0.17254524045326716,-0.17154485906053987,-0.11628365010559075,0.2045225463952574,-0.00850167779705402,0.044972755761418966,0.029332623004116615,0.1263134301226657
maxdiff_Column,-0.4788078030070038,-0.4668783572087063,-0.3272490830276759,0.45750791420105724,-0.03419972451113128,-0.22679109150062332,-0.15355362227743374,0.15359032968756586
dev_Column,-0.6372893609858091,-0.5786152811794756,-0.41266644437034566,0.5818680653244084,0.004112722161347346,-0.08482767749934186,-0.051101063627313745,0.13140904655102728
max_Column,-0.6513876251692423,-0.6252248494694277,-0.44950716905635213,0.6224100704806055,-0.003740344167564788,-0.22865300785425718,-0.18254959882258584,0.18392535990001702
min_Column,0.19267802768193082,0.22152669350296592,0.15604445926419916,0.25089542838036877,0.034572498826752875,0.2717688341310223,0.19040451100601063,0.15074789971540983
most_Column,-0.3169974571399234,-0.2837749288638809,-0.19292297432477493,0.303228792621462,-0.04568295842484908,-0.12243168362615442,-0.09728266134321237,0.11085257737162944
mean_Row,0.5354039030420066,0.5566922334102481,0.39407180171168166,0.5369557449625546,0.2486963743051902,0.39429209175989627,0.2741082552257037,0.29878885898159024
maxdiff_Row,-0.18935087160815386,-0.15009125801013976,-0.1039733244414805,0.18756574822744576,0.22006196038008524,0.2704616053054191,0.20470377934754994,0.26435962816451747
dev_Row,-0.06353107946473673,0.03690384054487117,0.02525241747249083,0.1674949710565226,0.25411382437981633,0.33106582891004344,0.23083738399009732,0.3080622956632344
max_Row,0.396003941001832,0.4107039745226638,0.2833166611092586,0.4108715308089427,0.29427565821051904,0.4076457557069437,0.31894850338114,0.34018374501666016
min_Row,0.5796997255597415,0.5847677618630845,0.4179855507391353,0.5680200117666411,0.05241200777351629,0.1532887184455067,0.11819671545519836,0.11416019812100812
most_Row,0.5679221750190262,0.5772958059217561,0.41083338890741355,0.557138352720093,0.12854304869451055,0.16233910362784787,0.12353914793979572,0.11782252317525431
mean_CovalentRadius,0.47455723551516205,0.5062983460331495,0.3539184172501945,0.48630539917411314,0.1914180706353882,0.26664183236566474,0.18051384120671307,0.2065696371076165
maxdiff_CovalentRadius,-0.5398123185879222,-0.5013748299305366,-0.3515589640991441,0.4885073418474617,0.0642879144276022,0.032401109758620754,0.02527247790792718,0.1313236334454249
dev_CovalentRadius,-0.5177301182660966,-0.43156582839620317,-0.3007842614204735,0.4534079489379866,0.09513279968502837,0.09509156725350883,0.06728592071937999,0.15767411978926024
max_CovalentRadius,-0.029795957362409232,0.028414845823871753,0.019414471490496833,0.1264805133130431,0.11296327951791385,0.12035830457193343,0.08841808055025593,0.14998230134758755
min_CovalentRadius,0.5890369857048854,0.5890966561218506,0.4201187062354118,0.5729212095356422,0.06167593449632336,0.22152324427380796,0.16103289656254133,0.13402759366116798
most_CovalentRadius,0.5446211733433636,0.5526124289569364,0.39016827831499384,0.5340040845826569,0.14689161679256704,0.21610119844980843,0.15679179429337417,0.14145776811135602
mean_Electronegativity,-0.3016696697413189,-0.32113416234824027,-0.21770456818939646,0.3114852201227789,-0.12970684672333488,-0.174728341183118,-0.11881850044989466,0.14229969208739643
maxdiff_Electronegativity,-0.44554539556456685,-0.41144928438325373,-0.2850372346337668,0.41684152108221023,-0.02921120233845841,-0.1018526783097417,-0.06616301472884746,0.12339229652987656
dev_Electronegativity,-0.4930098515844622,-0.4250603130067014,-0.2952561965099477,0.45020836885587684,-0.026655620964778012,-0.05740875230464075,-0.03905124128816222,0.10606425586916568
max_Electronegativity,-0.4671201837802881,-0.447201405689045,-0.3103821273757919,0.44992756288486047,-0.053130652813948166,-0.14929443677417542,-0.10745278450969815,0.12690382027012873
min_Electronegativity,0.24977781379617198,0.22433373292597034,0.15426253195509612,0.24706502725344534,-0.015252305085114128,0.07976959559600694,0.048087121877461614,0.1074303127943472
most_Electronegativity,-0.36894015857983137,-0.3677424626380514,-0.25099033011003663,0.36246822842766385,-0.1281868612150441,-0.11691296537787423,-0.0840891606077619,0.13193333927076467
mean_NsValence,0.18086774212093357,0.04911348190149799,0.02991797265755252,0.24504731428535884,0.24496009831266471,0.3741521176711089,0.28139456307472505,0.30473472762510734
maxdiff_NsValence,-0.17066643480581295,-0.10583527664836406,-0.06991574969434257,0.24503014445002122,-0.2544657354203771,-0.3596222959006831,-0.29276568560393784,0.3021544143608973
dev_NsValence,-0.25666674477890616,-0.13079973053330338,-0.08602156274313659,0.29168288891938354,-0.26060793109834524,-0.3268432890656042,-0.24257980451921327,0.30485036432026186
max_NsValence,-0.21607471986806395,-0.3057497908610879,-0.20673291097032342,0.31156209316194683,0.0644318001528015,0.11855660516168358,0.09685146685845045,0.09244538791796933
min_NsValence,0.16170906852193762,0.09463071851452427,0.06195798599533177,0.2408925505999645,0.2618295944052453,0.3732063671676509,0.3037235438828664,0.3104200825967081
most_NsValence,0.1111069909585505,0.01905828433980937,0.009724574858286096,0.1908133739825888,0.13348506211680766,0.1814374210526616,0.14778121798686913,0.1495421648261805
mean_NpValence,-0.4654583681204456,-0.4288082347564705,-0.29611514949427586,0.4415031797775493,-0.06345804455684809,-0.12378675216285731,-0.09260490221322454,0.1550784660655382
maxdiff_NpValence,-0.6075204083150181,-0.573293256143695,-0.4081516060909192,0.573650204839527,-0.1005382987983555,-0.21698331814599883,-0.1711199391203803,0.19395511608936494
dev_NpValence,-0.652092640905845,-0.5848072814230312,-0.4196701122596421,0.6001173618163697,-0.06818152632370376,-0.06092352183079347,-0.04288953972847779,0.15068193514168202
max_NpValence,-0.6426877506112568,-0.5936174797352755,-0.42624608202734243,0.6055972380359321,-0.07780318608477108,-0.2284927086341129,-0.18243089531024112,0.1994304975396641
min_NpValence,-0.18715141987648098,-0.043509372834374754,-0.021937979326442147,0.24197011019826004,0.06419280518042729,0.08202533316855538,0.06678461299475626,0.10559861323303739
most_NpValence,-0.45585558787391933,-0.4113366168151796,-0.28425652995442924,0.42830839552161526,-0.08550202171461624,-0.1323725524764527,-0.10411379967731338,0.12871048479401773
mean_NdValence,0.46549426853342346,0.4775525930613992,0.33648549516505505,0.461988021686342,0.046292592061765336,0.2192859506747685,0.14743789909857888,0.15429572565855912
maxdiff_NdValence,0.4709425492910697,0.46650008694445405,0.32208869623207736,0.4474000637178308,0.06023426762379394,0.17690944483144047,0.1302975272382026,0.12919130333094725
dev_NdValence,0.4582901813354168,0.48303335722592855,0.3360675780815828,0.4614574611484943,0.047777735348091016,0.1750345739812288,0.11792932836182611,0.14573552474269683
max_NdValence,0.49701286807330985,0.49711492679054736,0.34786084250305654,0.4783237225325056,0.06492044369848185,0.19810624056725834,0.14640577575838049,0.14609102787499606
min_NdValence,0.2983181961106369,0.3320630208958911,0.23138290541291542,0.33614003879704285,0.007629755603948503,0.04514373506868256,0.03637224495549896,0.05801317074101051
most_NdValence,0.4130263175750306,0.42860369828929973,0.2992330776925642,0.41779095955530704,-0.0031853408344484327,0.05023609439753432,0.041379530997117324,0.08960516867136811
mean_NfValence,0.5967622611385005,0.6072194870243874,0.43270645770812494,0.5885704408326762,0.25193147702843455,0.3579838545178839,0.27989678600455753,0.3335067664072823
maxdiff_NfValence,0.48724536890756087,0.4742190006909999,0.33029898855173945,0.4744603997583871,0.25515624586543517,0.3418812918980217,0.27572524252906294,0.30921223729320296
dev_NfValence,0.5239235794785403,0.5264542891615877,0.36996376569967765,0.5159082037913439,0.2659092134034431,0.35662124307801857,0.27832068064985693,0.3290475638080995
max_NfValence,0.501197677789028,0.4903094193677132,0.3423301100366789,0.488411850111693,0.25515624586543517,0.3418812918980217,0.27572524252906294,0.30921223729320296
min_NfValence,0.5150291723604055,0.5523994835999425,0.3891675002778704,0.5255007549322319,,,,0.0
most_NfValence,0.6623047351832814,0.6754067652674183,0.48894609314215853,0.6491478573587933,0.019218654264525806,0.02307982242531186,0.018862215416940765,0.05106180539424558
mean_NValance,0.546311591941713,0.562613552734839,0.4023083249972213,0.5439350760506413,0.1413982712908344,0.28083983152132797,0.19206715773332594,0.2034030835231745
maxdiff_NValance,0.44657068430489666,0.4497577255286361,0.3097565855285095,0.4393169169541463,0.19930130606704838,0.19548133899542336,0.13863683292106488,0.23576008186968173
dev_NValance,0.4261106873398284,0.4654521686057965,0.3227911526064244,0.4478385469211266,0.17482632205754678,0.16665626330315694,0.11336709032407993,0.21585863773527292
max_NValance,0.5158772782870347,0.5212442099160233,0.36533333333333334,0.504361851394921,0.2244910647453194,0.27022474128338597,0.19680164008750647,0.26831368932083416
min_NValance,0.4309931256839872,0.4305197678355297,0.30417383572301876,0.4329626527584318,0.09390927066296087,0.3077666199743304,0.2232099516764256,0.20079581556210171
most_NValance,0.5066571574230115,0.5335542095060232,0.38227231299322,0.5182227049683349,-0.01693548648057522,-0.04940656181101862,-0.03763907358707929,0.11425563850951719
mean_NsUnfilled,-0.25966720326350995,-0.128427068047452,-0.0849567633655663,0.28061730685164615,-0.242799752797764,-0.37149478400786323,-0.27940262586090664,0.3030469417675975
maxdiff_NsUnfilled,-0.21899238940736382,-0.1622739406971045,-0.109892186284317,0.26741522718138766,-0.254032617727142,-0.35770985314899006,-0.29222095167075046,0.29947129126429767
dev_NsUnfilled,-0.31878907423650227,-0.20005807200645243,-0.13505168389463154,0.32751670661313476,-0.25833980532225864,-0.3567203907332727,-0.2701984510138107,0.3022077003907575
max_NsUnfilled,-0.21153636012541668,-0.15287964809773866,-0.10318995220629099,0.26274552550600205,-0.2601648814278819,-0.3690808642212222,-0.3015101776949559,0.3076061934619475
min_NsUnfilled,0.209391497386174,0.2954453706050411,0.1996861175947538,0.30063763393042126,-0.04868833073703859,-0.08974639639093154,-0.07331578130014521,0.06995883783635365
most_NsUnfilled,-0.19674575373914505,-0.1015625872847319,-0.06697432477492499,0.22505780673114872,-0.1334850621168077,-0.1814374210526616,-0.14778121798686913,0.14954216482616248
mean_NpUnfilled,-0.4075174343040783,-0.46623570647063395,-0.32146626653328886,0.44855375807800835,0.11525203717117799,0.20774788622969972,0.13753981781238286,0.18988093995262803
maxdiff_NpUnfilled,-0.4197561537431945,-0.5256855379650597,-0.37437634767144606,0.5242293304479686,0.0796426005533849,0.190298226091268,0.13483711793280478,0.16382733265873434
dev_NpUnfilled,-0.46031902551829307,-0.523904912433879,-0.3687709236412137,0.5076813878868048,0.17621217900875202,0.2784665447408302,0.18491053147043726,0.2386161416708087
max_NpUnfilled,-0.4540920629668139,-0.5389475189941687,-0.37906324330332336,0.5264166602756157,0.11451009547478305,0.21033198948323584,0.149577029172883,0.17432888592444706
min_NpUnfilled,-0.19463379337614262,-0.06543179082575452,-0.03765166166499944,0.23688839892844168,0.10422659750640167,0.08629101667289747,0.06952684696263092,0.1084834412056957
most_NpUnfilled,-0.48008530758849777,-0.5149730443303382,-0.3568914082471935,0.49141075205154466,0.0842777591733454,0.2013897787966714,0.1603164932421054,0.16143255876876492
mean_NdUnfilled,0.7267034193532621,0.6620674562297173,0.4821789485384017,0.6795527647504986,0.16561849370860166,0.20160100007071324,0.15114829203986202,0.21550272827012165
maxdiff_NdUnfilled,0.6379524096937077,0.5059115579901731,0.35848705123930197,0.5845951065644927,0.17223638670911487,0.19577074755559798,0.14887185632485456,0.20952179139518273
dev_NdUnfilled,0.6816193097612946,0.5952181003575665,0.4268725130599088,0.6306522610922044,0.17141781812554477,0.20308471309639284,0.15301025443029645,0.2146395501344357
max_NdUnfilled,0.6588059351898193,0.5426986256331805,0.3870761364899411,0.6057836813531793,0.17223638670911487,0.19577074755559798,0.14887185632485456,0.20952179139518273
min_NdUnfilled,0.6892222376220472,0.6555815097312788,0.47466888962987663,0.6423824546841586,,,,0.0
most_NdUnfilled,0.7059059660852292,0.6385350896150098,0.46271512726464376,0.6526877111857141,-0.014872993067506442,0.004153883007336903,0.003452148797474108,0.03586250109953099
mean_NfUnfilled,-0.05078338323325993,0.033799441088826786,0.026042903189952206,0.1435768612515232,0.10193334712202226,0.19462555736671242,0.1580762943839834,0.19071376017349448
maxdiff_NfUnfilled,-0.23988959194537657,-0.1577697459744162,-0.10710948093809047,0.22028293101629862,0.09915125114215852,0.19450591420643817,0.15794945754908488,0.18799601060888285
dev_NfUnfilled,-0.19033144985376682,-0.09610677067853006,-0.06311081471601646,0.19208146223526937,0.1014532990811157,0.19461018775995345,0.15808773755078986,0.19006456431505103
max_NfUnfilled,-0.22761321597045214,-0.14545105793900642,-0.09854707124597088,0.21153433780918357,0.09915125114215852,0.19450591420643817,0.15794945754908488,0.18799601060888285
most_NfUnfilled,0.21417540234289129,0.25317802057533556,0.17375480715794153,0.2432894676139824,,,,0.0
mean_NUnfilled,0.5251891028414138,0.42362390573598946,0.2934347004557074,0.46799557468772646,0.21254808524022564,0.3336480262649316,0.23084850285374375,0.28488039168964274
maxdiff_NUnfilled,0.17997665497176335,0.12007511245279025,0.08019739913304434,0.19228882969998695,0.21016608270458118,0.3258174983963322,0.23639443003909952,0.27996815706862493
dev_NUnfilled,0.3062660427138929,0.28040444804493864,0.19020073357785927,0.2896536822932575,0.23818902791027222,0.3789979106490317,0.25967935083597027,0.32979423302952987
max_NUnfilled,0.32931114597761796,0.24205717845079758,0.1635998666222074,0.3050251031846675,0.23351539898042856,0.3360573746335911,0.23916169363500464,0.3030570985213594
min_NUnfilled,0.5581025212540078,0.4499339393259931,0.3131768367233522,0.5091722092937282,0.10131094513313746,0.07628372374564357,0.053294652262897375,0.1692001710548437
most_NUnfilled,0.5422707276469079,0.4467097131899681,0.31253351117039013,0.4835842488307919,0.03956177905754215,0.18529784907397195,0.15169604382478236,0.19292678572906083
mean_GSvolume_pa,-0.13419692680926157,0.011542320393591154,0.011976881182616429,0.19682715640162668,0.06340789475273845,0.0991249445592715,0.06677423291208848,0.10464579657238868
maxdiff_GSvolume_pa,-0.3961862569818344,-0.3037582373064707,-0.20669378681782816,0.3297978584182313,-0.026131086067107654,-0.007435071357949287,-0.004168551433099632,0.12098052639606278
dev_GSvolume_pa,-0.3899878313054311,-0.258885222987247,-0.17557719239746583,0.3239620599554835,-0.02225311375110478,-0.018203171046180557,-0.009359147589446998,0.11481085876197049
max_GSvolume_pa,-0.34291174868625185,-0.2310751483416831,-0.15591197065688564,0.28282007010004806,-0.003236663989838899,0.05310376949445771,0.037295383907598255,0.13720493795727864
min_GSvolume_pa,0.1994161218186069,0.30283061675895734,0.2153669000778037,0.31937894750427676,0.10671528645502427,0.1899707272475454,0.1387423144337485,0.14881261322323955
most_GSvolume_pa,0.09091672758974595,0.1871480003497778,0.1309934422585306,0.21727403965615774,0.08640689315844009,0.11189253773975714,0.08133464354551488,0.11421703943395936
mean_GSbandgap,-0.6949610479103743,-0.6867521385280153,-0.4993695676336557,0.6621192680725224,-0.11863889223621324,-0.20531236272087905,-0.1488565337104917,0.16285828195225538
maxdiff_GSbandgap,-0.7173739450084007,-0.7254137503793054,-0.5323001000333445,0.6986101655356898,-0.09359310325206188,-0.22375676303250103,-0.1652671059419828,0.17011055948953924
dev_GSbandgap,-0.718975608283251,-0.7188065758673972,-0.5262403023229966,0.6915798008001018,-0.09514281067812441,-0.20943107986475593,-0.15299314062862832,0.16127982081019238
max_GSbandgap,-0.7193006789298477,-0.7269211181023464,-0.5333008780704679,0.7000803036465432,-0.09655297062240767,-0.22431115480035627,-0.16581639069163537,0.17202447659007852
min_GSbandgap,-0.6044686683040585,-0.5229434327714925,-0.3649932199622096,0.557365807386254,-0.07072435125836582,-0.13434392586768865,-0.10976537007926139,0.10205026497754421
most_GSbandgap,-0.6553017556923386,-0.6280002928889213,-0.45156296543292207,0.6114182018483294,-0.10330111722050994,-0.13190927205056965,-0.09985721764231442,0.13182489027683314
mean_GSmagmom,0.27738990850709533,0.12685238387248707,0.08382305212848727,0.27707463919306713,-0.02340657921572916,0.06892672121431072,0.05414244869874864,0.059081501457773064
maxdiff_GSmagmom,0.15044716811277842,0.008479347164371907,0.0047767033455596315,0.20449644963029265,-0.02748015769505256,0.06727824900457675,0.052946099197555926,0.05234134060303497
dev_GSmagmom,0.1989828028801895,0.054194558910506535,0.035415805268422806,0.22322584410725327,-0.023065153113370748,0.06817134437613992,0.05351544184812393,0.05673913827974673
max_GSmagmom,0.15151994260307422,0.009557042839671424,0.005491608313882405,0.2046840864886474,-0.02748015769505256,0.06727824900457675,0.052946099197555926,0.05234134060303497
most_GSmagmom,0.3882086513887185,0.23688116587568508,0.15823052128487272,0.38170548711231866,-0.020924841307829803,0.004050097126658598,0.0032816723136482265,0.035201888602206556
mean_SpaceGroupNumber,0.22467809290043517,0.22342953949217104,0.14960231188173836,0.231810114876206,0.05777890114195041,0.014160011191343568,0.007372728722650691,0.08749330296318479
maxdiff_SpaceGroupNumber,-0.3733079088267116,-0.3749528287725365,-0.25573457819273093,0.3695762658670463,-0.06598502654519793,-0.15648857451149314,-0.11057315519495037,0.10978860295121293
dev_SpaceGroupNumber,-0.4552753713446662,-0.4231600025733336,-0.2928682894298099,0.4337461605270587,-0.0938802467715367,-0.10490881031173899,-0.06984724924547117,0.10570986998585477
max_SpaceGroupNumber,0.09287730254013464,-0.010363512262612474,-0.012204068022674224,0.17200148834987525,-0.024421451430543695,-0.2008379340138482,-0.15339329126534249,0.11603330191378995
min_SpaceGroupNumber,0.40742520328440857,0.3966111885123542,0.27143625652995446,0.3966950095506026,0.0578665190875092,0.05166410539618035,0.03941017591825138,0.08465220268112979
most_SpaceGroupNumber,0.26753430858536087,0.2636619021846558,0.17752361898410582,0.27047868988030344,0.08669421327561797,-0.01227008408922117,-0.009393349525613598,0.0864899851032876
frac_sValence,-0.5834039412971734,-0.6006261542917949,-0.4312641991775036,0.5786412221097966,-0.06738580888241248,-0.19267848773180646,-0.13133333823320653,0.15559679253519762
frac_pValence,-0.5714619986295537,-0.5600318315590923,-0.39566833388907413,0.548133239372544,-0.20067519355898622,-0.34788797977749575,-0.23681587679880248,0.2923560793398073
frac_dValence,0.4922118028935596,0.4793339705926633,0.33473113259975545,0.46417149272754527,0.01634716866509877,0.15026792719271218,0.09599246814724277,0.16341306450512572
frac_fValence,0.5405482197406288,0.5469673607741511,0.3860286762254085,0.5373903216677547,0.26375991685627986,0.34278582473507085,0.26779132445143355,0.3286544762072097
CanFormIonic,-0.7303964377279062,-0.667385475487275,-0.48906213182171837,0.6876690502814247,-0.02036784859648451,-0.04988422605293883,-0.04075150819084947,0.05118681069332198
MaxIonicChar,-0.4413120887587574,-0.40969344818816084,-0.28364654884961654,0.4140206573185093,-0.015491325411223613,-0.1018526783097417,-0.06616301472884746,0.11236511825699397
MeanIonicChar,-0.48341173932110343,-0.422190638021182,-0.2929976658886295,0.4422633986327465,-0.023507198255329202,-0.0725513365772274,-0.04851843712508392,0.1044624924742816
