0,1,2,3,4,5,6,7,8,9,10,11,12,13,14
0.03539180449375233,-0.04779051643204551,-0.008523779609150631,-0.6518054785951556,-0.5409030605306324,-0.15541785155663806,-0.0469913464415209,-0.09929345562508471,-0.5734311694583238,-0.41872529410927084,-0.011303215761741429,-0.050713911374533224,0.0,0.12069483334574589,-0.13032870063921198
0.08001524907509254,0.024606736274006835,0.0,-0.6513381576526136,-0.6428854336691807,-0.1473564894928201,-0.07543807084936502,-0.04543744821483061,-0.9481190376548163,-0.4683969836619309,-0.03159685019020367,-0.04031196412586337,0.0,0.24435492298590958,-0.07781582785523256
0.0,-0.0663240710941435,-0.13283521181208288,-0.6264042095371458,-0.5133585575427059,-0.26103565289247815,0.0,-0.04893055297788805,-0.5024306326716224,-0.09698895113026625,-0.015359641131688745,-0.025875667900366342,-0.0020990575420623578,0.06426738920625633,-0.24248812321073165
0.05969852685407466,-0.04149482147177785,0.0,-0.8612932152006645,-0.48290298686381006,-0.27411830257647624,-0.09644995148364209,-0.05852686560432801,-0.5976698132375482,-0.3093758296818553,-0.011066210387823568,-0.030220333061202094,-0.005810934733726083,0.26090276003636415,-0.10449127691142479
-0.023377436096212723,0.08342037284222893,-0.24376568695756984,-0.7181142121998596,-0.44475076051633805,-0.29081328888306024,0.0,0.07611819866617228,-0.692398693106196,0.008006241360425943,0.004757658514816825,0.13783391910491055,0.011016490778542524,0.20468935912712086,-0.3592843048372394
0.030107119033580917,-0.07900638494606707,-0.44601130499096764,-0.5284075486153165,-0.6240177319389002,-0.03727988285357248,0.0,0.03131977791538509,-0.5469216164490069,0.02123877862061756,0.0,0.07403985723643867,0.07293246704484317,-0.13580741951991246,-0.08229435488171433
0.06742361603621706,-0.08636257003103862,-0.014460647260883922,-0.7538981433056708,-0.26840661386612535,-0.22065254607274043,-0.22265277697458968,-0.0624776118565051,-0.5781130696484778,0.16000785625195182,-0.029811000571106562,-0.029418510289847224,-0.007315019701973489,-0.036284386220661546,-0.12994015297120143
0.01721962659632769,-0.17670057950807866,0.002909239525840511,-0.47050349610282716,-0.20955858858402937,-0.3827475631097927,0.00671957543027386,-0.1741275360033239,-0.2961197358559115,-0.17811894672951728,-0.027275048806937555,0.0688289107139395,0.01720584332432752,0.07788582149567165,-0.19648413331533265
0.043118615826348364,-0.13549164663672758,-0.14175916943457617,-0.3748364326215795,-0.42092875842643573,-0.022818311052322106,0.0,-0.10417180971797974,-0.3465325989926804,-0.22549111411128528,-0.01886790399477961,0.0,0.0,0.0,-0.2651690285507995
0.03410478644289129,-0.12531999427333873,-0.3178304829078689,-0.45531634351029615,-0.8591287344582499,0.04182855748952035,0.0,0.06949570900957547,-0.38439676045128096,-0.13283435507318286,0.04488842592050559,0.24616027858631723,0.0,-0.015508824133305534,-0.17593195115396987
0.052361853653296576,-0.012057083636784757,0.0,-0.5931347426702019,-0.28062398362115615,-0.24675338419807671,0.011290501670642755,0.07017529335468894,-0.28315122853225233,-0.4966583372566316,-0.023747640812216513,-0.11278257576912405,-0.046743300053421005,0.30847626346718615,-0.07184430395940122
0.0326211749540124,-0.14398347133467662,0.013703621879161326,-0.6478104951040135,-0.3005010764181474,-0.33320062091080743,0.0,-0.11778466938271201,-0.06577697677699419,-0.19016629781922942,-0.04009912289030148,-0.06081347088006593,-0.009304292774852554,0.0977980228095225,-0.07849777356053944
0.1373044508875079,-0.10595510014502094,-0.03263481596769853,-0.4423181414615376,-0.2747801480222931,-0.04238752557882045,-0.10865973305783894,-0.02324342373701986,-0.23221880746207946,-0.2489584116158358,-0.010179282632246907,-0.17246862628306306,-0.009508848690797187,-0.37842267536986657,0.07812943105758241
0.017994769478755047,-0.005454923052988321,-0.00970902081652747,-0.8217283919702039,-0.1936492600622205,-0.39031714157048936,0.0616135711907664,0.00801539321835982,-0.08922063008863625,-0.30966100584650386,-0.03211844146303239,-0.13386746594827623,-0.03532501585982177,0.27666426661711624,-0.2932694171650303
0.0372012939900226,-0.1559327630294035,-0.056513301055401345,-0.8939001182230002,-0.29962104662212496,-0.3427269916543187,0.012282766467601377,-0.0065069006994368074,0.2047918954777447,-0.22018857894363153,-0.08110165970713783,-0.017374269947688526,-0.014137395615657432,0.02142575454305404,-0.06378408787166179
0.02658787929589389,-0.10657474224514771,-0.0173816186637764,-0.6057828917490767,-0.5078482199663913,-0.6334809503885556,0.01548727650572405,0.05626823355924828,-0.036387190944853834,0.14599911862086806,-0.027911584316460732,-0.08060831324861498,-0.03710859827136566,0.2746058519515279,-0.14291233956875526
0.010797412887475029,-0.023411473499365346,-0.019695436374379635,-0.6064646002725907,-0.6206314884881874,-0.5988914905278189,0.0,-0.12007373178676599,-0.02819375820807384,-0.060119273274353735,-0.004149197107047877,-0.006942451035973532,-0.009773808200960646,0.3766526503915802,-0.027979461168075925
0.06032997168491984,0.0396491699541412,0.010198828459603805,-0.6757193512265147,-0.7669197769733574,-0.276378923495944,-0.012335602388741429,-0.09194919285925705,-0.34965488462675176,-0.2606682445118508,0.0,-0.007784132082109854,-0.027841193423608093,0.316465933281984,0.05921277309507156
-0.049172253480978464,-0.08838963852096686,-0.045913683874656754,-0.6923681001893258,-0.2729730696562123,-0.30658451156984784,0.017717193329710043,-0.04420887527253657,-0.0019711399770149297,-0.27256659394710075,-0.11189767373834247,-0.06675033649044247,-0.01215897271029823,0.21017031657675203,-0.13908291322329425
-0.00417614924887522,-0.1314715043955369,-0.15975988588036155,-0.42850749620918555,-0.5749430891960833,-0.22755457839136112,0.04118524178749221,0.06640900117040484,-0.1827873387302832,-0.13145983160703725,0.0,0.10494345097705604,-0.04338828494373071,-0.07756793658230315,-0.159505838158569
0.049324403226023716,-0.021976031085523907,0.04578805369255102,-0.506292459980457,-0.38816542098854084,-0.2859159989256251,-0.024463018574705998,-0.3950822565658874,-0.16741823512459603,-0.23184301565630333,0.004385141333955444,0.010649738085525213,0.05037558121665232,0.19395644795838055,0.13145513476032855
-0.007447473562868256,0.05107433734328285,-0.24677646062575814,-0.7872314068081797,-0.5428821697728895,-0.36550781307068153,0.03886172097698882,0.18113710540200528,0.08918828867898743,-0.574841173885501,-0.007868210647280495,0.030713993165887323,0.020000354537995018,0.2419389703975405,-0.10766057961407394
0.08503854623179251,-0.11634276997018884,0.043529977491637346,-0.46801787999118555,-0.3249734702056698,0.01239181141492107,-0.018483861889807756,0.0,0.0325835294588785,-0.1496003850081826,0.009436699171026606,-0.09123186040481608,0.007829086020672175,-0.3894974926948633,-0.2990080050845292
0.024882873744597675,-0.08397145110679187,0.05032434185627702,-0.46084432635741013,-0.39651126509808954,-0.3119145933349537,-0.031813364010462086,-0.13545700306729566,-0.2944590562926687,-0.22893221267777408,-0.06806986960371655,-0.020717234606776488,-0.028231097917635787,0.29359531859716687,-0.004778926775882653
0.019609141862175106,-0.09434006764661913,-0.25704423385000247,-0.23553005977867275,-0.7901532086084792,-0.2414900603772655,0.0033084032740115076,0.0997101188678763,0.18716607750497016,0.15896155463784392,0.022837503460084438,0.09967710750559002,-0.02248053025128315,-0.5939651037156919,0.05686351895220576
-0.41229748880728206,0.024594270377452716,-0.1981770165493891,-0.03351878521448459,-0.5825169256648552,-0.11239966592381803,0.053771648443079946,0.2762266693774954,-0.41705445257899215,-0.366210963537986,0.021718362333686392,0.3003693117197395,-0.031023977387596227,-0.22396964890651083,-0.15483274730833485
0.05047313507790038,-0.05881232403119464,0.045361975507832775,-0.2664534615986793,-0.43539965593905444,-0.23815365696061808,-0.07470319387661259,-0.16689229158649369,-0.20126033814476824,-0.15536851717663216,-0.05250280704797788,-0.12957700571946013,-0.02893993077204402,0.19200899969800483,0.031747085396835795
0.017315208031106297,-0.042753185423321544,0.027286536791731573,-0.24668442263661652,-0.3455726012823877,-0.3715910564338692,-0.0512405419014674,-0.2811774056368676,0.07356150072416852,0.02763782770198413,-0.044268197063213444,-0.13914163258581083,-0.04769036034045238,0.2027502548756711,-0.04576197759877987
0.08939260183563646,-0.03257606269467555,-0.025119394797276297,-0.2810323148544879,0.10062882388531089,0.0,0.003508745162560838,-0.12387150564732388,-0.07390417277022467,-0.2290192100849096,0.009892384205663914,-0.22687307620920102,0.1095424519884479,-0.7890187997670149,-0.17507356960045528
0.03517420740478004,0.0,0.03948600732267372,-0.11969597422364221,0.055639986937358075,-0.13271595564123714,-0.013813952184963124,-0.41996219173154453,-0.09394443064659823,0.108979964119904,-0.044668085859992816,-0.13520412052000066,-0.017055355313954128,-0.5811871073293216,-0.017309168234755257
-0.03573666544244689,0.1401424292422603,-0.06302222771955178,-0.0262977299187338,-0.17136434798530692,-0.3692383580020461,-0.013513145471373438,-0.035894758174247095,-0.793985747544154,0.03683169065870266,-0.10454562614721565,-0.06994069646743158,-0.05435958710131788,0.16122178731351472,-0.030108378002175806
0.0501304851824599,0.008994204420345124,0.053272988506847134,-0.10942385642342102,-0.02678116031989355,0.18053886998602223,-0.041007069307050295,-0.351735280181872,-0.4396458872962759,-0.04733192819872244,-0.060467147624780664,-0.10110959042139642,0.08842139545739816,-0.12119291615383787,-0.07811771932957579
0.03495224151300785,-0.06356492639460039,0.026911364304531872,-0.3260873679135016,-0.2323324102479067,-0.2389860945404856,-0.015174442141734345,-0.2922982390491738,-0.19230095213757734,-0.17724193966626106,-0.0780057132321987,0.010519893919542595,0.008592783836854717,0.03491772429111235,0.04527863430703549
-0.005468024375563958,-0.005387184571211842,-0.005746856522784207,-0.1656016134338503,-0.1774341649178209,-0.03884400748331605,-0.029600830172704658,-0.26647003258622315,0.2211841376747287,0.09904135531523586,0.013583249233736635,-0.025035493995195366,-0.050404995118365256,-0.4492907371103119,-0.061336182248200255
0.03910703118431956,-0.03129658481968403,0.055779205298383545,-0.15885962808223766,-0.1271573926171726,-0.3337692182889343,-0.05592965648072957,-0.4924147618373755,-0.018405559047496464,-0.08000784914183502,-0.03235777438958141,-0.03395939220980968,-0.04100997637686894,-0.09167132092552492,0.0863306649222424
0.023230078680981182,-0.004134838251110242,0.026810337449747826,-0.2647052769240816,-0.20177402553651771,-0.298420639276011,0.0,-0.46148065247293624,-0.2356180540999221,0.12166407445798887,-0.004592282404740339,-0.027539992051457858,0.004001675990038689,0.04978515650949638,0.03260216865870014
0.0,-0.0894527722754281,0.035954894373477445,-0.3096906551002562,-0.2584297134316951,-0.37598735651657667,0.0,-0.24033996696855303,0.1926182242842314,-0.15345004097237644,-0.15139064724257212,-0.10313615973947722,-0.018580427609618057,0.17913841825647242,0.016792669367432955
0.03027223859478529,0.008100425573670756,0.049652431607709616,-0.20578197868449064,-0.24482302595328476,-0.09090121430361621,-0.003953358625551198,-0.8046409543555918,0.004357660932340558,0.12285846937538353,-0.019254556873874944,-0.02878703256440066,-0.047523368192303905,-0.004733721261265518,-0.01429150908004484
0.015101202637364187,0.0596844106939846,0.016101591572531656,-0.16364140259147303,-0.06404310354998817,-0.3546709144651231,-0.09202487107666055,-0.1877179088118523,-0.7107467024058753,-0.018399301522533506,-0.08884663574791697,-0.047727735535412326,0.040023853101318695,0.22773566586296526,0.04990016583605894
0.040552903721954386,-0.04349310178186334,-0.14707569308562918,0.0205416935843078,-0.16897748368416038,0.09992776924416026,-0.017411847062064507,0.21148739476453648,-0.31438218453745276,0.23679337249145704,0.0214920858021833,0.11973699678981004,-0.16373604620836665,-1.0801368745432653,-0.0038812617844741215
-0.03071290467258194,-0.06934805701322566,-0.04720671691885757,-0.03763936885229134,0.022453927977481896,-0.015362705366177919,-0.001040442133449786,0.013923504646993809,-0.47535477535616594,-0.011209615713061932,-0.05569802800031616,-0.07353702194196646,0.22704367885915405,0.23881586758489276,-0.11267813810419963
0.018651170952867526,-0.013259925284512572,0.03581441146495965,-0.27539631618820665,-0.3015662918553763,-0.4704636843189591,0.004263258851676775,-0.5154989182438329,0.05394750994368547,0.08589803497072845,-0.04866631468524021,0.04886139757219711,-0.0714124618071662,0.3193318912802021,-0.021784287309199346
0.02667932188460174,-0.0363114348795993,0.03867627402759174,-0.07678584564638989,-0.0069296470371355235,-0.2524178181373335,-0.009014931701104857,-0.35198090903157575,-0.04562481474696782,-0.0538060887941192,-0.07096026028829994,0.19360105867196442,-0.021985310693240934,-0.13933722563824133,0.17485050989197315
0.019105385870222043,0.012445749459306338,0.07987986196770347,-0.09105570657796405,-0.1309327063479133,-0.0860202253649794,-0.07804994083892473,-0.5542483212372721,-0.4694371603661618,0.014033589844439007,-0.07762429822480132,0.12546574785076645,0.09342068373461086,0.027048080392907434,0.13258655565460198
-0.32762747484528915,0.21366519096563102,0.0,0.10599906609596374,-0.1428818227974902,-0.2120501670434491,-0.0543489602415237,-0.18677973702853634,-0.8742627739040987,0.24083546379818693,0.01924049699366584,0.03579380002762959,-0.048114006864945304,0.14290500323335348,-0.17768627552299687
0.05319976937557646,-0.009646371167835162,0.017418351613125035,-0.1472440689480324,-0.11194006865982724,0.015449308188302566,0.006391787261318168,-0.2698395293837972,-0.15204944537257076,0.09815168757810716,-0.05803119447597036,0.017016538636018,-0.14179604020185696,-0.39168553219087926,0.04795175406229912
0.061630065121769086,0.07343076985439216,0.03491068010026158,-0.07879929346003924,0.09040488385537024,-0.2128378093509958,0.014919095382592187,-0.08427252359351856,-0.3770833422083099,-0.12628031306939574,-0.07684992991413821,-0.1575366477846438,0.024322633580689625,0.30152679386909603,-0.053688897319152495
-0.24168099486088748,0.20088196392164087,0.08205076184491611,-0.1409894303002909,0.43906827157088224,-0.08031581340500264,0.0,0.28499546849445173,-0.44406371843914877,-0.046902836552354076,-0.1979159796939809,0.030881649312450996,0.22976531395687091,0.25586279912937465,-0.08052700129876511
0.12465566372219725,0.0,0.0040091487520518415,-0.14294055663156574,0.19815554955173453,0.09792257337904028,-0.029305589715126,-0.14407006716830248,0.04510247633102264,-0.04496405523177603,-0.04306880423672488,-0.1702315282904903,-0.09390331583393963,-0.34975276015719164,-0.018923182753052492
0.14454570269175793,-0.006364468940428785,-0.034863434293116925,-0.3984099502700138,-0.08787025009576926,0.07690961817350904,-0.00599000532744117,-0.12596769432026178,0.013045726565878652,0.0971180236765944,-0.052590360045440834,-0.16752081530820184,-0.23763179084987276,-0.15120817111444926,-0.014644076497900893
0.00927879288050493,-0.048038163008875596,-0.05895444993686045,-0.16179244369273926,-0.131470527991535,-0.23391564419428645,0.005604565415394085,-0.1875056591843559,0.20453108710163578,0.055753215912576023,-0.04492506167185944,0.002510604355911503,-0.04906672252060669,-0.5091545830806901,0.02510209294270327
0.04991245216895678,0.035158199917891736,-0.034136519668970945,-0.20538108249787743,-0.051767480152323735,-0.39557073216547356,-0.0123877797784246,-0.41159604722387616,-0.2669196365556275,0.027383238497541554,-0.0031675402126148168,-0.24129012526466728,0.0066253877265136756,0.2822732536720466,0.02675556542381985
0.033101175688997106,0.003946533107726849,0.017170585843553098,0.35987141162552005,-0.03469259279389509,0.061133907921720264,0.009240394151278027,-0.0977229956111434,-0.3401857739520676,0.20628536068366587,0.10294042671612638,0.07675254864692548,-0.007340764125676784,0.044160291568064274,0.07327584667136877
0.03392343889060329,-0.03251168057383283,-0.021284438967789775,-0.12437818920198626,-0.1866966464962037,-0.14233018602937678,0.005928000222470113,-0.18784785728132714,0.06667494041287045,0.18524175818282074,0.010796719287755234,0.033996988274933006,-0.08868438054710957,-0.7787692874834428,0.07083308241241149
0.11749689502618636,0.05678269353649574,0.04060182519451548,0.21479770022410677,0.24996352365912566,0.11897456060365515,0.057732012089716,-0.1433467054528109,-0.324278507208012,-0.15147616535633787,0.0191278482348466,0.003597817060144356,-0.022765900901142964,0.07055550877251522,0.01652013443296324
0.00314272736287486,-0.03737561363027671,-0.048444181800919604,0.012027477346139435,-0.038317344808252704,-0.2120024184946703,-0.01202838718930622,-0.06480550245132974,-0.16450526019330983,0.21279300293701875,-0.13959789272545423,0.04058366999669329,-0.1588900682562534,-0.5503476954086438,0.0535413130356428
-0.039594167766927466,0.03906018517743078,0.04359554742082236,-0.00600143690966141,0.3089285320568351,0.01329420568929003,0.005438513785053837,-0.32956082573052625,-0.21000333507227545,0.2521928923441779,-0.05400066619801555,-0.06568800691658451,-0.12009939006040775,-0.17170585925247797,-0.05392495627825389
-0.05595140140263429,-0.005710355154616331,0.008529263584511768,0.16989381890801933,0.13551984956573687,-0.03425949193042298,-0.09373409068047225,-0.3712604674383182,-0.29286212234605236,0.0028235515166827817,-0.13415498236623422,0.08429694038167848,-0.10241131533592078,-0.5155205767648753,0.07526075491889284
0.00656997257065735,-0.029504955395530885,0.0,-0.02087151674775295,0.16410118966216786,-0.10887985275503007,-0.037252591322275236,-0.31232492835739245,-0.12037286987674053,0.07581063900729562,-0.16828426372235794,0.02363783026043102,-0.2386110215634779,-0.2730174375708845,-0.0380629821242473
0.06460882430686991,-0.03861590363620218,0.006850534776175759,0.021155661804981702,-0.01903155119088632,-0.007264332321324293,-0.05105368741749385,-0.426392665711467,-0.17592407594760492,0.005610049483515951,0.00420208068065891,-0.03852241400160413,-0.09071344677195084,-0.5612565943462202,-0.046697111114113454
0.02345911914131297,0.027540876252508378,0.013042484082268956,0.18655132969133426,-0.1649415962354875,0.22886608207838108,0.044399719666922535,0.06930581458818123,-0.04915587782130076,0.3768357480083817,0.13832277874474297,0.13209140254186721,-0.015760983719353246,-0.3359850641328595,0.04170081695262029
0.04410498919455518,0.03168485497215837,0.04144410093069422,-0.3240851001359579,-0.17829636346319405,-0.21939560387051205,-0.006342171904633333,-0.46538617627685525,-0.07454406530383541,-0.013952195511425439,-0.01717531605912309,-0.08334666788462834,-0.02171329842781667,0.24795730362763665,-0.031702561754695546
0.0,-0.028153547376873124,-0.018063956126836554,0.04936532369637067,0.023465094209969305,-0.12073185124561585,0.0,-0.24891457716108348,-0.21758603773637808,-0.14439977358188705,-0.17637307887921866,0.004855298420453733,0.0,-0.13614432917248073,0.13471526710129722
0.0768651525844786,0.005409148735003483,0.11443542356819647,0.24266161128762312,-0.05863503421835752,0.13626392994267528,0.06623758760023897,-0.21808452503703185,0.19582932246933843,-0.11851156106843956,-0.04560718092195976,-0.14137445818664254,-0.0494878277463508,-0.16256918158965647,0.0016788441288167477
0.08890920252728893,-0.04977574121799084,0.004834134366108293,0.014005099337247308,-0.04147749612378079,0.010194662224765385,-0.008012277022020954,-0.27268703543976225,0.106952017304829,-0.06112644403111879,-0.06388281127086468,-0.06079310630039865,-0.1443635211262512,-0.3431374455767962,0.02229569370147999
0.012112485555911146,-0.05521694291458207,-0.00918893156467262,-0.3249841465066331,-0.039099441472953196,-0.3134502388626203,-0.006842830343663192,-0.2229570120913848,0.16464986422679687,-0.0010987481513046698,-0.20636397752967112,-0.013607265579900366,-0.07084820223592564,-0.028172887963720788,-0.06999997657780965
0.03297764136857173,0.022151496019558386,0.017211062551201507,-0.1862431607677398,-0.06810439623870534,-0.045946471570419846,-0.032301506946898796,-0.5951855523096821,-0.07455744672581197,0.0028460336887000696,-0.02309986161370952,-0.026171279688257047,-0.16595175093440456,0.031224620692175784,0.008276708376038
0.025141368567317825,0.1330236827289548,-0.07495899253441535,-0.052246311254922385,-0.08273578260380057,-0.13100106129438505,-0.02336023584780103,-0.20964138979461064,-0.7424516871291398,0.0778063703129818,-0.06818625491460971,0.10449238571838546,0.0031523154315929477,0.016411306268449367,0.027663321912451355
0.00796147082420746,-0.07103866889339715,0.02451132635817382,0.008584912061430782,-0.18886858067465742,-0.3362466870951418,-0.015714004802105976,-0.12675458629085723,-0.024554201288965977,0.0,-0.20936806353974347,0.03496273072702962,-0.10774726655380604,0.29456320653164764,0.021343248907590873
0.05395286603637431,0.011268998045239884,-0.04761973171947985,0.029944545370045268,0.045295463728267364,-0.0780349190260533,-0.014711952330690586,-0.36189040275816975,-0.03343070841910433,-0.1341819257429201,-0.10011447241706446,-0.09456644399609959,-0.13177121083275753,0.19296001988536424,-0.00861356635742394
0.04390554545081342,0.0035523358213681803,0.015510726689011748,-0.07369954131143305,0.009743315443915539,-0.2674449279866198,0.023139895605924807,-0.10205566463049655,-0.04880799595052675,-0.14688008007359374,-0.10840643500459603,-0.17725884053425264,0.023603864274996396,0.31587939330123244,-0.006802744948087469
0.0738806501484989,0.015568628170515748,0.01563274728558564,-0.07450738527329923,-0.003483870973753246,-0.16177506198719746,0.029663432806438534,0.036275768045437945,-0.14334071026118703,-0.1428972351071851,-0.14134855833783774,-0.022591087252621257,-0.18626371119685628,0.1752707885350616,-0.012167719913142583
-0.25680649848802356,0.019266339091941625,-0.0555654665758511,-0.01420147296980874,-0.00554961113406482,-0.21639258006822967,0.0031599827274021363,0.06044432891239656,-0.37228390901381664,0.06273612338790353,-0.17853844797380777,-0.006467610119773149,-0.01095467023223293,0.33226877135239163,-0.06325871191594601
0.11218490909417457,0.019235149023568307,0.0,0.0507581512693827,0.11877162751675975,-0.20535130092190432,-0.0255496459146772,0.22943788923153993,-0.17906395274553147,-0.21121859437932575,-0.25770936509457926,-0.05938174296415113,-0.13403694617221915,0.0730546423691113,0.008158175028318171
-0.04616140121957083,0.10537477285730636,-0.03001956469682492,0.028453834325921627,-0.22287252297542662,-0.2871964879581248,-0.05285393491363575,0.39279582633339827,0.13295086659144542,0.024680169497913605,-0.16282899306742107,0.133417351829053,-0.09404673345698464,-0.07409420720817882,-0.06565035965771901
0.0893907925385908,0.007559773786612352,0.04072516865670177,-0.1990860843026537,0.036605478136160594,-0.12352605061660454,0.01574566818384723,0.05138267687995655,-0.07622615383594614,-0.09385178730001945,-0.1283099350570576,-0.17727429511144596,-0.0063811325046929206,0.1866626138976199,-0.06587053729267628
0.045110594682310975,0.009380148185626542,0.0,-0.06325300300849594,-0.06634510952372927,-0.20911223626321176,-0.004298864240385356,-0.1747142210260267,-0.26522978660156427,-0.14112698220523295,-0.05217705823894224,-0.04656503813402331,-0.08787169046759374,0.3071983206053904,0.022905969248615987
0.20768148706544293,0.010684575964328502,-0.008024771412694766,-0.13682629742808652,0.24110915547958345,0.0,0.029701691729775465,-0.16908942845297323,-0.04280264485987627,-0.40700010557353633,-0.08337599161572903,-0.2959803269535729,0.0074195649901211075,0.049841466872068016,0.07121455128686727
-0.1639123989361182,-0.019050814208166053,-0.00780822498469558,-0.19914957162431085,-0.38856003524134225,-0.5127399533065687,0.023290557659043525,0.2767057690159937,0.31140046952875017,0.042364886565538135,-0.13406360038905857,-0.14691579930419602,-0.15965564040589666,0.261682141977489,-0.20108622224607697
0.012454770931286345,-0.01594749608613439,-0.059735484476334526,-0.10317264884792274,-0.06674237993886857,-0.08083777997842777,0.024952226901122122,-0.12304905613609853,-0.2264136904857461,0.2413821662758157,-0.16509356825472243,0.0870564640705877,0.16692713380186092,-0.16052435482545763,0.12325329871656326
0.19488001743302946,-0.03581919282368319,0.02966523780900439,-0.26614895816524314,0.07469796256894526,0.09557002664708382,-0.001992670925801839,-0.11832201447867909,-0.07184311411524369,-0.1397763820663314,-0.04952358131516457,-0.08542596487139495,-0.09135700938599943,-0.4858286944737584,0.022042640869120778
0.11977378155591809,0.01717469097950263,0.015109490100250488,-0.01597714873116288,0.11779661838786455,0.12624772615305133,0.03579147027821323,-0.27246810744009925,-0.02472435453321688,-0.2824304578262405,-0.07758721706853641,-0.12985046976974535,-0.06943798175231825,0.16108187035734028,0.02421226093825013
0.08679169894009245,0.041734448316209954,0.022186920821198643,0.16503644120945524,0.06810673737886179,-0.31393858602590397,-0.01831958284575221,-0.18293199959703627,0.06015930209550245,-0.19081189261230225,-0.10186081886360743,-0.16856066591349947,-0.017293683735573932,0.06268020926829228,0.022812270302661475
0.07501598453187777,0.013485957305527818,0.07811392073795463,-0.010218634192672632,0.016876530339838065,-0.02492649362917823,0.02749432166873654,0.0074552952244738135,-0.17322975135522842,0.04406468755989495,-0.08946910445974365,-0.01384202618372575,-0.02802177541186813,-0.038726547656649055,-0.09385270966582883
-0.041986578580410036,0.03537160336910806,0.04910304686340706,0.11774551915385824,0.05980350781409938,-0.009194258487438035,0.0028146616352605312,0.1509187695734224,-0.04707541966961544,0.036489552098955415,-0.10691877480772405,0.07639967301692474,-0.09883604108308773,0.14018072789458438,-0.006126027283428481
0.058493324136300005,0.02251426983510458,0.006291700318234714,-0.043181320791416906,0.062426894674846,0.010726392706540194,0.007727809733798577,-0.2394125628185649,0.1670522576863164,-0.18115416929006656,-0.1930427236384777,-0.08028334877257669,0.04907545351837514,0.01949219523894031,0.030702602966878323
0.07201401953095977,-0.029950458944383047,0.024406120043542343,-0.20693505973069196,-0.09929927271171514,-0.29135751006449656,-0.004928155894827295,-0.2530606749072587,-0.09368687264420168,-0.23291270266782887,-0.044271010316513544,-0.10974093782991608,-0.030586391580310707,0.1630107829025125,0.06575955496241925
0.01256445393093335,0.01210587340046997,0.03206915400943783,0.01798601560933489,-0.10524925174044523,-0.31307623006338553,0.0026245983243573297,-0.1519699079084929,-0.3307745611138659,0.0017539259405089478,-0.026709328139412777,0.08844836359400722,-0.04285472313357013,0.46072810669005454,-0.028241902175805855
0.04997308450633492,-0.02174815641230067,0.0029655317003146743,0.009499718563112585,0.037186076215303523,-0.01896816685627951,0.023806851995348627,-0.21976061644712505,0.12300206780602223,-0.14792482515220062,-0.11259295165838042,-0.07655509227352675,-0.09353427384012386,0.012520527969125188,0.018231932371051307
0.026223246802752207,-0.11903561885295452,0.012815519719205784,-0.04151801639941788,-0.19369415993109818,-0.42724782099875147,0.008933692561602747,-0.19398355008628007,0.29437044921250205,0.009300789599744525,-0.08210143742112981,-0.010571016111671374,-0.09735552720001829,0.10084559026876137,0.03867099230359261
0.031077130177694458,-0.04732597019538811,0.014314319529554625,-0.27854256603666167,-0.1488508226944126,-0.3681907890037025,0.010674416601765968,-0.12025947802504736,0.24511532702781327,-0.1350455447483557,-0.1203630894355158,-0.05785285638027753,-0.08943406046243685,0.3081076203365651,-0.08008444136562476
-0.03289416799273273,-0.021202631618949516,0.1157204077581566,-0.25181441297231394,-0.1815039800955981,-0.012252190807717042,0.01211169365817869,-0.5026931202295937,0.15663596447966047,-0.17300307338982945,-0.026364104085345202,0.09263110224798167,-0.015688804561701755,0.0049114398081830084,0.07848410730346445
-0.006968445927196022,-0.002179552982436495,-0.05317349853027254,0.18064119706004403,-0.03505131560318842,-0.01529785920137644,-0.0686471339184084,-0.10326355142719128,-0.09876495945660928,0.03830718629353145,-0.03310978869422443,0.013597813713509608,-0.05635599823152296,-0.056755696368720174,-0.0852327313396195
-0.09459155000270356,0.06694493897804392,0.009180029258902466,-0.33322522466994753,-0.34210151024479435,-0.3835723846393364,0.021492679392178787,-0.18159454453213084,0.559317327554604,0.003891012224262352,-0.03868723362422163,0.039818766445294515,-0.20358553647835764,0.2153299271591267,-0.09143027678257831
0.08999157935836397,-0.016941295389265854,0.02273065964712356,-0.09254277149321094,0.15981220198975338,-0.08364458379212222,0.002919594789107601,-0.18803633552817983,-0.014253874997836983,-0.06687774753233874,-0.061227373074260905,0.04471281360989997,-0.06959525336916965,-0.146309383758192,0.15436610456528155
0.058764544070233564,-0.0052916301984864,0.0069875881207827175,-0.015277206746007497,0.018977252100453233,-0.04459444307909595,0.016637869744438736,-0.05736530628495335,-0.011328703135466241,-0.2556778566803259,-0.2956223387571594,-0.021734160353344825,-0.06585032487974582,-0.04226707442287118,0.04078813952930116
-0.06431755535890463,-0.016868903339657362,0.012144031082310859,-0.31853635080373705,-0.11583636313747249,-0.38039492485136267,0.029597111746054644,0.05722998675887633,0.4909738411658797,-0.2663202825029439,-0.16319061128648985,-0.10171944804770995,-0.1166074358564765,0.34205197879756527,-0.055735374908644664
-0.055750221654811104,0.046235023193600955,0.017571752947516873,0.07182515917650825,0.0035639149809005674,-0.11382598766227156,0.0014161452313692052,0.07783017375779692,0.2702768686423853,-0.09206459112724685,-0.17464765516330663,-0.05775351522829492,-0.01840213335996559,0.21036585820944034,-0.0012521695851804016
-0.2799944554465691,0.024003026971422592,-0.009539998941569462,0.3355486452319846,0.10200885742188952,-0.29303524467642805,0.03856171028117311,0.30629550338581474,-0.0392982796137587,-0.2307032924242243,-0.09910230424482637,-0.026428022199387308,-0.013413448630985734,0.3218831623654681,-0.034319561659793135
0.059924342587823885,0.005206299760880535,0.007546473427250981,-0.041140814251879855,0.04532547173600108,-0.11374136815338165,-0.06772711775471996,0.1448191440491937,0.19272658268571,-0.1987600312736173,-0.20356561193513356,-0.023960401703248455,-0.02677618523658653,0.14399452732641882,-0.020391275527554792
0.011688046231870308,-0.026087717596981894,0.011076737296028228,0.07830962220828709,-0.0946151801754604,-0.02755825789560576,0.010568110964718498,-0.18662047477722019,0.07466976533088303,-0.007785241504720282,0.03718455359582749,-0.12304092081159061,-0.030497388236454082,0.09563038493766912,0.017952302233558398
-0.03106191869456044,0.019322796085205214,-0.014513309038429838,0.1531718900424932,-0.04842869167979874,-0.15043443528529726,-0.0025142183221355317,-0.11407375659293376,-0.05293684661475769,0.023504689286886694,-0.16308753345325244,-0.0628154644342879,-0.1950258002855017,0.20298652208336393,-0.06821916287157864
0.031479875315642,-0.04645985711629443,-0.11789792221169657,0.0959962898723248,-0.005612921336550545,-0.016718843987763438,-0.12344304778068398,-0.033530082567923954,0.11912555236899722,-0.13600275023622324,-0.10851933749393101,-0.11437687389502531,-0.06710886715992286,-0.1336169999556614,-0.020843670356229582
0.020691863169368916,0.011032903766885042,-0.001775506876910128,0.1194951883750551,0.03647565092276217,0.04148524015656222,-0.2110011718768776,0.10838586410353764,-0.12016390090773799,-0.07093462217936643,-0.08265902757772721,0.1091876332546629,-0.01911562319692247,-0.03801440092984372,-0.017438548776670587
0.08267597256721546,-0.01073774977346376,0.0,0.0022085390234326823,0.061784874891681024,-0.0236380632853853,0.027496397385637056,-0.2691950784562514,0.2875743004346809,-0.1191817054750002,-0.09650944719132225,-0.13659021949063732,0.01092615429324989,-0.09123829890133729,0.08420846955624253
-0.0017925917810851617,-0.056913676711179494,-0.04247794600259741,0.08998147594868479,0.05497615683624107,-0.13773436934521546,0.035450618837933906,-0.0927131354142473,0.1016379975171905,-0.11291866088958949,-0.12467826558184152,0.06930637540468396,0.020655192896217655,-0.2714859422362518,0.05226330107117805
0.04230256778758838,-0.01977291328484102,-0.0006012229054935622,-0.02701995801860705,0.018204650944338766,-0.02478374256355957,-0.033051936509548976,-0.08230183108438266,0.2930468682503556,-0.01785016224398358,-0.15845269975835688,-0.04830609380381428,-0.02776551089737781,-0.3178778474721077,0.08476399832798354
0.04129419303219858,0.015041149731190933,0.027582358766817732,0.05155071931264112,0.07704781477579102,0.08896651923940392,-0.05238333929182917,-0.27716657431213565,0.0,-0.10492874976374879,-0.11021724120241341,-0.04413306404346832,-0.02227860604667805,-0.19836377663196594,-0.009908415725032316
0.03774451362045915,0.016604938998963384,0.037082895722717106,-0.17459137543869296,0.025060405507081454,-0.10790524269715047,0.023644459808391777,-0.12451788011214282,0.14160161896432033,-0.015188199604055524,-0.16018401370415,-0.13624858468342943,-0.07466982467872159,0.23112683286255192,-0.04518024444662311
-0.008569415320079966,0.04010173004395672,0.03825277006607123,0.09084394884636975,0.08463855478216584,0.1941723150985237,-0.07122446745241717,-0.06528140858606485,-0.05011752972782768,-0.09165232924609999,-0.0013115163444589702,0.26517048381221364,-0.0067971301398175215,0.012236653393903216,0.023648020474532683
-0.17808924130245235,0.02123742209876002,0.022842946437469622,0.19064674684355876,0.16050355763335575,-0.06338398308682702,-0.06189011911046497,0.2699550538849903,-0.23049361167524632,0.0061927916446156955,-0.08601713155968217,0.07993901958726975,0.037267520380882116,0.002919003979361158,0.01888732826254952
0.02240103876316728,-0.024060704174551296,-0.06671013081959618,0.13056974256532533,0.050580164938220026,0.0,-0.06922850997082647,0.06683674292874384,0.056823469164241226,-0.021579621462430955,-0.08740663005436017,-0.0372752419921832,-0.052044427170344014,-0.5375901033241255,0.015025603677152888
0.022556438783290996,0.007431680878720562,0.032407302181438315,0.09992284648685425,0.07994875753929714,-0.02298454484452783,-0.019554454244980313,-0.26162957317710867,-0.11420655983950195,-0.06561283063444535,-0.16037324349463752,-0.07997612045139536,-0.0077440432159902465,0.05455831515223768,-0.050989128763404334
0.10611870769822049,-0.04882861005840867,0.024163514171059778,-0.20226527066733807,-0.0133386653492463,0.035688164982947815,-0.052548688433597834,-0.036833275069376045,0.2663825653756915,-0.19315773732890576,-0.1097635524751192,-0.4214996231078708,-0.030492261334774378,-0.6635623259718131,0.022705876975159134
0.04304864453313129,0.0032706359809109397,-0.024520487093742112,-0.05054487714753517,-0.025417148654907195,0.08765327082459622,0.0,-0.204518191005197,0.2421501360959505,0.12692346075468047,0.04706853905393521,-0.167032949894198,0.07120069004245799,0.20591652917894127,-0.014059415257024754
0.08127879538243636,0.012545342448692435,-0.017865975478789632,0.11284467043828995,-0.023728018249197406,-0.20875005337801703,-0.02164724037174047,-0.11159479042404875,0.1804330943140926,-0.06524732328409028,-0.053247986457487344,0.05772029942580259,-0.03774229827985603,0.07777909798175855,0.11905222535545332
0.01960959027762756,0.024509473779321528,0.07006603421682926,-0.001974260978054553,-0.09079939755838601,-0.14832525950886905,-0.014864677476002064,-0.12335436116839055,-0.2686941738925016,-0.02102076615470269,-0.03822753830824963,0.022609618299091545,-0.066933795483392,0.15831736736811183,-0.09409304760138604
-0.0018449731633361788,0.015095840315346817,0.03589491389602841,0.17062029118502722,-0.034032539656328485,-0.4325691766077532,-0.02546953954649742,-0.11182242084348151,-0.06591190994607292,0.05960633000368639,-0.021997808243054192,0.08816650012334937,-0.021030328308241985,0.08280257757139839,0.1371185272380883
-0.2604434462815593,-0.01294751600693807,0.014606314001054123,-0.20163162336057705,0.032506421425059044,-0.1409618780981459,-0.03296214488951818,0.017451279107810958,0.3998878606093932,0.3189075341474302,-0.010499697505725717,0.07520835542824518,-0.16402051125202527,-0.1490840393920938,-0.20606033997441214
-0.035348904762231924,-0.007390069968170139,-0.013320246377101221,0.22222499945496815,-0.054555442417373666,-0.012019739828647518,-0.012578287267276169,-0.01190434165393578,0.13643690264360542,-0.031558604076088154,-0.18121201181461202,-0.09965542221888668,-0.0393259274865156,-0.1037505375926515,0.006352059308410679
0.03934725061323702,-0.05057993177228616,0.03833849894251537,-0.2430998260352718,-0.07706150875678139,-0.11517795677100533,-0.03899585133764932,-0.05998761630321175,0.21278750161303617,-0.10358868187792426,-0.13383281312912235,-0.016724249344841735,0.005135660366444403,0.05842570530007963,-0.0076405073947793944
0.016575889451058468,-0.06043395737984562,-0.09661930879663619,-0.1077960344967505,-0.022537671090840716,-0.1408512664779485,-0.12412958853483853,0.17196637650233687,0.016340758219577933,-0.12178478219198083,-0.2276388978835537,0.11755615531664448,-0.04287581792770656,-0.12121806422226881,0.01779708877961017
0.04091186361900182,0.032501401673768616,0.007360046801498054,0.0937739722245169,0.14428658354810392,-0.04626983339176679,-0.016298826059154933,0.0806101035391779,0.007166461179169913,-0.07545572575686829,-0.005364034934008333,-0.09899412480000984,-0.06551094997432075,0.15305596782233832,-0.041442361898874375
0.08512197270455749,0.0,0.06408844766169851,-0.01339413772410751,-0.0027830387667327657,0.05981280911857933,-0.09102664944991638,-0.11983610085872978,0.23164832643020625,0.09280235586265553,-0.03271662659503893,-0.0646177495227477,0.1402798695310674,-0.1305536635162464,0.050667941493511254
-0.14696124093033888,-0.0029582017319360406,-0.002341502610476363,-0.14024380796243185,-0.0011804701076987745,-0.007856907784061626,-0.05300039190930317,-0.06993966192368414,0.28511220231042594,0.39243565720984225,-0.1101321854151985,-0.02078025982332041,-0.09492060068510096,-0.2661211990956886,-0.09448071671894925
-0.2487290672191633,-0.04002261048062657,0.016363028865001832,0.1326580399634728,0.004135750175786032,-0.2045632527733827,-0.03293194551773818,0.06621064478991871,0.10174671638092321,-0.030793249782068623,-0.2094388490916361,0.005592331618366864,-0.0649039053867037,-0.016615020917474126,-0.007486033455138652
0.015194061313161785,-0.009617131034237813,0.06662198667052663,-0.02539199815315568,-0.05932349702912854,-0.26378150808103,0.011961631208361372,-0.12563520222930155,-0.08768658996675005,0.15433625660219252,-0.043787672066063744,0.07634233572750623,-0.035732416826929375,0.025337327497522023,0.027818850977812337
0.011507124904039205,0.0010054927763033805,0.03616885371197874,0.04946563106094238,0.03319277107610113,0.18965016849425426,0.04546046247196632,-0.2994530316525228,-0.07383282233567992,0.16563570519477938,-0.09091545706410338,-0.01869594386133651,0.0465553845683518,0.054811391989172537,0.016515906847559075
-0.0020957373870479808,0.029176703813943928,-0.039801296181211865,0.2460224414973316,0.11148368478600298,0.08690605087611035,0.015219321897692446,-0.1518599637641265,-0.1319807349987893,0.07321960085247224,-0.08697808636827423,-0.016000231072683183,-0.06998126921988282,-0.40039183827718877,-0.02721237570418389
0.08887814918133767,0.015527987882976615,0.024201073483586338,-0.11419257271693485,0.2044973434622168,-0.00742607903342551,0.03322117123152586,-0.27716493932078495,-0.15235236752479975,0.06464307364600272,-0.03151840113733805,-0.0958829673827536,-0.07661803288888813,-0.3171636215729582,0.014700621836398087
0.007747150013107642,-0.028541591184179847,0.011280095778449994,0.20402650185848187,0.056526074707815246,-0.24606386689285897,-0.06066814250147836,-0.3098183098320988,-0.027517295685969737,-0.0649646546982474,-0.1377327433409992,-0.0024979601551000825,-0.17122351878549927,-0.061081147611469024,0.07943792576523889
0.003487434186565692,-0.006813119647792088,0.0039500462063641216,0.07459030770164339,0.06399133748379379,0.07573380502794058,-0.03013112306929489,-0.14071513844146416,0.1507078993663144,-0.006184311899167608,-0.1441344595270095,-0.03263915368940315,-0.09576740764340179,-0.3733924275784071,0.0
0.03297812110168373,0.0,0.0015546342536490523,0.053789897624781334,0.25377902703259225,-0.04143019096416107,-0.02228492903120477,-0.37625316805135967,-0.044155637564480994,-0.06670241692667261,-0.08176143687254125,0.030976384715622415,-0.03127661123907311,-0.19628962815296927,0.030343619058002536
-0.04843919798246343,0.0030088642326291616,0.021298469158522102,0.10786849801456404,0.21047210102278957,-0.08890332380472685,0.07225058968386171,-0.21349608419969496,-0.219586380536609,0.3815398507017731,-0.029256001291297767,-0.0063310392870118025,0.01784785751740202,0.04837561248986201,-0.062327768411512524
-0.04423476546501034,-0.030208959136667646,0.03730995337126163,-0.039416855971719233,-0.0817862605617459,-0.05469180268228896,-0.017095969526293518,-0.43973838630748296,0.12850131347269558,0.1473954012902873,-0.018922023519017596,-0.03306666468463064,-0.10048532652100145,-0.11127347902653367,-0.007435031297208683
-0.02895249424240002,-0.025196834476363734,0.06012251866376489,0.15213764584925524,0.24333009054339177,0.05843281093729709,0.11918676880997156,0.09367387289552734,-0.12115920090610678,-0.05050467275731331,-0.12582978031974923,-0.053972078015523346,-0.0067739925046151435,0.09533102974732145,0.015937801281719177
-0.04964939308459351,0.044575345467858615,0.02181382767504338,0.19269320079186145,-0.031166207618308746,-0.11500812492806638,0.0029055166958725626,-0.13572204227852924,-0.2742625684600107,-0.04585072504811313,-0.034032031156493725,-0.003582912434077778,0.022861810783018962,0.29324448900737216,0.03217309566848489
0.03790751672926743,0.016890206113270634,0.010896420920426687,0.11976984410467346,0.1242984665882629,0.15874195630698437,0.006990078854676674,-0.4389641925813312,-0.0015195828910666272,-0.02782497436325584,0.11310408000162696,-0.042139167480758105,0.004136567199818678,0.0281513210165136,0.02548561765170962
-0.12037244415029058,0.019359661664042863,-0.011804230654085592,-0.04763494230641857,0.16475331170426116,-0.07425301156757927,-0.03527313296251635,-0.28019512395079627,0.1344620704254521,0.36864283698417527,-0.10067882761171396,-0.0282036842381435,-0.022136421923530984,-0.15399585191270937,-0.1179434913575183
0.0830206019241523,0.04523747947469728,0.036578463350307795,-0.01043162792482649,-0.03427130170388223,0.16435952962391703,-0.005384938025381084,-0.2545275415036323,-0.0944788697421284,-0.15365890153731024,-0.004743913062239015,-0.048629687601524925,-0.12091602497794109,0.2117522375870243,-0.002178081244749719
0.004111704358890249,0.02500995997630059,-0.0247184584409455,0.09633750837802904,0.0,-0.2453317952565707,-0.1260689864363365,0.04239748406407944,-0.009628970680294079,-0.01712235862811109,-0.0730502229370137,-0.12198563799842589,-0.0021353410760086857,0.18413588098633737,-0.11207511404140164
-0.017659195555942676,0.008190843003480861,-0.0011222395141031996,0.16090733486892148,0.01794481740171206,-0.018435622898294566,-0.022426865375057798,-0.1513603202010127,0.14525460502777351,0.2255168071733375,-0.03288855199465823,0.0312974763418247,-0.17191129357140258,-0.0727348081432605,-0.037580699210636614
0.016476788492518477,-0.015069956326679533,0.021360719962436537,-0.02242112461850094,-0.20819222439079654,0.23270628251838718,-0.017815787741747812,0.46386694769148723,0.1548643739215262,0.07073873065054882,0.07453387999237268,-0.02909610499294416,-0.10625663051629178,0.06970550714964203,-0.12197463055351232
-0.045344086057734975,0.06682616935847413,-0.19615428323996578,0.21367173683254664,-0.15692908254759091,-0.1541801764637783,0.0057941177543643415,0.13134964706420596,-0.27196053103480766,0.0,0.002560100741751785,0.13221379135669475,0.03044744980083546,0.14683392554591268,0.0987394706183676
-0.23934177733450107,0.01393249692159595,-0.029268592344858558,0.15302118539140594,0.017589156781261182,0.07939723217638932,0.0,0.037133724234665544,0.07438209388583071,0.45583635032455344,-0.0062007612162877,-0.03473185033279451,-0.043032342954954256,0.1314570223186315,-0.1599513883379553
0.08218974071237485,0.08824229925793871,-0.05143590971214324,0.09192868937168595,0.1823492412429211,-0.22195893574384448,-0.027035294910753196,0.22461442616653332,-0.5624640793740248,-0.29020024929494637,-0.10847985974691143,-0.28636384136786114,-0.1417942646548585,0.08791985277586126,0.01351223368093335
-0.02351659009185396,0.060841924152055915,-0.05504290964339611,0.2102533671004095,0.21801210258340983,0.1891711207094371,-0.04847342218733881,0.15045336496115463,-0.21823490206584142,-0.06184252280067178,-0.03892064967197011,0.1197007449130216,0.0054686507216612276,-0.2722110561151641,-0.02757786024294076
-0.09416098706646149,0.0019358023592934528,0.04019010339754173,0.04428041939803424,0.05305785048546012,0.041831040535562455,-0.07571662303706733,0.1521452008447429,0.11358402602369685,-0.0851760298589272,-0.23851985746901297,-0.11151019270145622,0.05619765862973436,0.22010202417762545,-0.016968704386821853
0.11175593359930754,-0.014340489617779076,-0.026976288087300827,-0.11029334682809626,0.08609274606625754,-0.08531962077583154,0.02947177756925434,-0.41268594103862904,0.09970979092166508,-0.160182679547557,-0.028376500610561517,-0.11566066846672006,-0.1854510844759258,0.11779048584237674,-0.017450444336641557
0.0,0.01012568533665989,-0.008199501796878316,0.03441547549389802,-0.2581734175130572,0.008811812181892299,-0.04558945337616774,-0.5585158446522682,0.09862951262933957,0.1873409106917661,0.032431180167536836,-0.06056050551541188,-0.088662202919255,0.2426048822702239,0.08827820759384375
0.031910177978817136,0.0044748359121536425,-0.03085720712296429,0.16820942238025657,0.19237596661291156,-0.10422388059284073,0.036872231304661995,0.16538370038681777,0.053893107321478555,-0.09658886014538658,0.09089911385816693,-0.1956303778458075,-0.03793424645234943,0.07456161735011257,0.0230824644284654
-0.007149408444033402,0.00620587288034555,-0.0256669401235884,0.33877874771967126,0.17387674822192417,0.053391140995174856,0.10449750132810733,0.21498555861965535,-0.14697431555467377,0.0017534228864269673,0.08513063456382668,-0.04373848640164141,-0.025103062847526093,0.0403267614873539,-0.0650471059167651
-0.13277907111036738,-0.005087106660696768,-0.001869588740319434,-0.1637908867233591,-0.09927355006349388,-0.2597620314312125,-0.03560252754189477,-0.06368307124915151,0.1352841883985767,0.007038540506201694,-0.27225899508216833,-0.01003955134886455,-0.13432215367244674,0.4645603358703092,-0.06168575080698391
0.0,-0.037247119804968344,-0.024017872952065054,0.23831932216847018,-0.036513472532502436,0.06581137708234151,0.03992212200783207,-0.15045154631178417,-0.10753317006826421,-0.025590282419701432,0.037537386035730154,0.002851767781149263,0.011810779942022414,0.1589314635753304,0.01730053696038078
0.033694046912615266,0.05234334349354648,-0.0012412200211183127,0.1057504104456741,0.053155371160288935,-0.1941982385842803,-0.004495571748582673,-0.12956248067561854,-0.21954915171554593,-0.15487583386914014,-0.11370886045057642,-0.11806121619018868,-0.056087184198508645,0.31296329458465255,0.0042269157519974065
-0.05181314280087099,-0.03399935531407472,0.028957067811550406,0.2496098186302474,0.07350629942243687,-0.022564432319474796,-0.023372886782584125,0.16773604718863405,-0.2073992032058066,-0.12051675841617927,-0.20445910453299604,-0.0968508789834242,-0.0755109851654313,0.14265005958045435,0.014759274532089334
0.06634038573426537,-0.030389215677254302,-0.01583593499479068,0.13341412748927708,0.06258366884007735,0.10122824342943645,0.0022880173131440877,-0.2435019268721879,-0.00691363844697387,-0.19579843478286907,0.014181221749427481,-0.12894777161237725,-0.07196855711699504,0.01762218013039107,0.0020006031555611092
0.011208718469880367,0.07246656479481503,0.04531330253971356,0.16057722914500847,0.04083173452130376,-0.07473479848768329,0.02113762366401724,0.22510801239331277,-0.31148428840174824,0.0014850591176162292,-0.27423552212312646,-0.03792908604297594,-0.24997656623061304,0.0563292181353566,0.04340560822337414
0.05046838746579789,-0.00536428327648698,0.025145092706299856,0.018097624985655276,0.3259248562422459,0.006857940915023292,0.04580700417866815,-0.39838284939357177,0.05559779525290398,0.08787273844476498,0.04635231561182692,-0.13029806528550458,-0.056625586020536654,-0.24334209650980942,0.12382015193122503
-0.03942848010117811,-0.004109132745456655,-0.11075173996356638,0.3173006769891209,0.06802258078959587,0.007503698427245191,-0.09756549391906133,0.13812348895139748,0.12390781041802383,-0.23277430826593049,-0.1894537040019487,-0.22895673846478315,0.002114411241472038,-0.23209666037941437,-0.05171973638514121
-0.12166891199327474,0.023551992647806483,-0.0022670727054024896,0.12778619923669496,0.07761300241453586,0.0755258266371574,-0.027389364165005977,0.16877959802766154,0.178332587655269,0.36254004050585464,0.09720040830205752,0.13260907910809158,-0.0603175512005898,-0.38225057849555966,-0.06882314133780221
-0.2727509118326931,0.03692073668332959,-0.008447215093157216,0.2256015158034326,0.010319872528834526,0.02964919260859087,-0.03114413424425357,0.00379485009122486,0.09848227413625227,0.024029701617139878,0.01731334995192206,0.028924274129332215,-0.06449772616010989,0.15332692053367108,0.039336698162847517
-0.007672289199742426,0.04888344508146032,-0.022777326899538364,-0.023127435730323942,-0.032288783848666965,0.019240701287835744,-0.09340431556722427,0.6985716077620534,-0.19264581817831208,0.31943118545580185,0.014217507089133913,0.1193391040633231,-0.04527591783453128,-0.11818186981037476,-0.05922462094319014
0.0033563748004328793,0.01398126259477091,0.018999281506250052,-0.057903524111999484,0.03289378131384716,0.0868988577653629,0.16742833317821224,-0.26216817348613436,0.08613217809318983,0.06149960397746853,-0.0630300426375379,-0.12914305320384195,0.07252732604586652,0.286879484767811,-0.015794045685137315
0.04005445956250709,0.0321177251396478,0.07083915510746537,0.11754832238876242,0.14979867407614195,0.35036373295042966,0.014380329928449016,0.4225156990057482,-0.25424487555228586,-0.027672001281459607,-0.01027123336558261,-0.04782541639482514,0.007604425472541159,0.1240853260604702,-0.16769555717343654
0.04734693387033408,0.017496268734323115,-0.016448254076303293,-0.10814249577470317,-0.010694574929223563,-0.09691579089828584,-0.007898171715561252,0.03714238668513964,-0.2042577666733903,-0.2097209181636091,-0.14059860784669834,-0.07091330595080551,0.010870927229191635,0.1827220594739379,-0.03861213730805324
0.01264055409852299,0.017635561678822735,0.022392249169500708,0.050580863536604806,-0.11432205113562646,-0.06714384104760142,-0.02791680442457112,0.03313324267704459,0.14455401536870907,0.20199508333724964,-0.03627335296900959,-0.0406531175886108,-0.09487273186901932,0.1639614791606835,-0.09544321273481335
-0.06041408832989169,0.05165040713542217,0.02598326990578626,0.13597657462319135,0.058006807512122636,0.2621895337354252,0.04504689129234924,0.38614240810252815,-0.0355271754245884,0.11327365309547661,0.030776897227861564,0.06778083366492572,-0.023575439756477794,-0.03037893160778804,0.0
0.05892791142038842,0.012402920270872374,0.03497689945640491,-0.1531472169552252,-0.1485634567716323,-0.21024751192037594,0.008540250013520833,0.09883392165254905,0.34302885035823766,0.14738178950357142,0.0,-0.13048452635624566,-0.08336969029102055,0.3647754245067905,-0.12867375319452481
0.08385657329043142,0.0903719225994779,0.10162177390972509,-0.025975720150857955,0.2671720378969808,0.05026823204367234,0.015113580054649082,0.16527610489990144,0.01239911992269541,-0.021153298865686503,-0.0028211380927956565,0.2771043825822914,-0.031260597378581424,-0.03625263702509498,0.13161108576297198
-0.5357515057467865,0.05221934408719524,-0.012336916959704148,0.20329208061874543,-0.024310722706983652,-0.013707375827777694,0.0,0.036112758010853764,0.2705383962806288,0.246826503649092,0.15206638729258767,-0.029717171020836153,-0.029133411971030785,0.2310677457037118,-0.29207617507878125
0.06661187607956705,0.022152381633473068,-0.008968257399623116,0.29119019229301385,0.047622594989944755,0.1467606154463047,-0.031127091362340244,0.12030983008084149,-0.040096019316997696,-0.24614082676051316,0.03365105508621838,0.11179242490721888,-0.13117963515294342,-0.03492592180483723,0.040977467161452896
-0.03818544955018441,-0.018830818248966034,-0.005029273870004088,-0.060409229853115406,0.07252520377971422,0.025130607523817353,0.011779386550546087,0.013849216722906907,0.03407634998702163,0.35812107276571725,0.15355647298540223,-0.012038998046203743,0.0,0.2414351174392854,-0.1908464655722164
-0.10941842608166581,-0.04588802268066741,0.037122536276550246,0.024901302479262193,0.19996542807278633,0.03329859893232873,0.01945186852906556,0.29021290408078293,-0.030361036678197846,0.14246976155083735,-0.012364537591448371,0.010401104748992937,-0.02891594654521269,0.16435541200139434,-0.09074710655475704
0.025771637020783767,-0.009773080297312844,0.01540376389568806,0.04942642367927257,0.09040885684042117,-0.006069180759533041,0.0009043542637486484,-0.03225807419478102,0.023294788357511205,0.02248376928890141,-0.0011745021928535055,-0.1027281756485652,0.012189685542247372,0.1826423255680668,-0.045342563804195796
-0.29613216877945175,-0.0695057228663531,0.04712084225376355,0.15202872584773067,-0.016645553500492353,-0.28441801699886676,0.11601525475285449,0.047146822613141244,0.5375274157361668,-0.16169469597138045,-0.1484416846266257,-0.18791551583002544,-0.012797633964687515,0.3092446454024554,-0.06640875004165878
0.053007301996566746,-0.03857950897084687,0.06704458314589842,0.12525857651191113,-0.10309870692696385,0.04138735200692728,-0.01967842363468675,0.0157726971247665,0.17435641683582137,-0.11822144298532115,0.03945689976755437,-0.2253768144874362,-0.046127172844161846,0.20475965064589938,0.06007556345763859
0.021121552113554577,0.05033005319381831,0.032704465167234846,0.05824454001779696,0.060924221732790565,0.05274210085644259,-0.11184369766662816,0.23341435536407695,0.0735980062877734,0.03214223468247566,-0.17313842144452538,0.026665048220345836,-0.06599230214355707,-0.33892707185393955,0.13971950527138702
0.02053424781419513,0.01970962439575393,0.012798851957005593,0.05882447586986593,0.021506073401122382,-0.03678828630316912,0.0027843100298370923,-0.024141299575206228,-0.051628096106946075,0.06403330245794599,0.0036464871093886838,-0.16854996479400317,0.032741521322299065,0.13488331609334647,0.04760300695589609
0.014753302611720764,0.04699938039701849,0.07950723799066468,0.2839179065178941,0.24805563416095472,-0.02271656763426398,0.023397072912694845,0.22418145279570895,0.10749760980260512,-0.22438222592850174,0.029160494147861656,-0.021372908751354575,-0.02909408083045915,0.007098919114689059,0.03548319006082157
0.11590221297626657,-0.008152901837591067,0.022438178874527107,0.08814631549522615,0.02467025689768904,0.20975092643130416,0.03130311675504218,-0.220370134357585,0.0912861198951834,-0.17212340920598956,-0.0852655027856192,-0.013473350177896748,-0.04971134781579064,-0.11243961675768048,0.02514178430325703
-0.1397526241905384,-0.06051603265689341,0.0,0.10516345369560179,0.14142076258522315,-0.13834513380448754,0.047065706514511745,0.20473252587135263,0.12480451317039752,0.20860156881331202,0.03786810786787464,-0.20444228899570033,-0.040605150348685844,0.14111661925112204,-0.08427642493826926
0.163285146631842,0.006076638115626923,0.00784063743826567,-0.2014083285056616,0.35946861077083536,-0.14331218840681142,0.06267747673796926,0.10440348023281558,0.24608229541168017,-0.09228316813424906,-0.08053328426179958,-0.2496454199737942,0.034088323111200955,-0.1084147609808935,0.003961509522633966
-0.18310404652072734,0.02408261765439844,0.0,0.0769564920547208,-0.07354204322611428,-0.25875461330677857,-0.006498295559195025,0.11536633042491791,0.3400363525428876,-0.051676376666046374,-0.12410627953527337,-0.26412165941238236,-0.015377378772597218,0.19366912364638367,-0.09708135416437619
0.1351392525587394,-0.027050242643803575,-0.0067221240397453445,-0.20780442017534814,0.07096183222064471,-0.022811468734726864,-0.11889171321771523,0.034119763306076176,0.4705729123822465,-0.2864037612560112,0.025172142180724975,-0.2386909286655028,0.011580213396753455,-0.11385078558878381,-0.12570420608050004
0.01917692429627454,0.032509896581751296,0.025360494188628204,0.14620680399300415,-0.03678201096881168,0.047906958711062424,0.024473844684750175,-0.15042683718404762,-0.10492144806939581,0.010891596757489975,0.02427863514276077,-0.10751654144342883,-0.05901016707886378,0.2495647942783831,0.01082990238779924
0.09092053008199609,-0.0716200457450976,-0.04078607703709814,0.09967909837543444,0.07411935352188272,-0.048141302523307734,0.017449174033917214,0.008285327043316866,-0.1971329420897555,-0.22554956340736895,-0.02421402522116268,-0.1785207157927317,0.09635571485995217,0.20611192931625003,0.02148349321708598
0.033477786092619026,0.021015249330652443,0.016182411237213486,0.37438015988426393,-0.027868330825270893,0.0556205088780768,0.017007087731459203,-0.04565123935575834,-0.19806350826164904,-0.20395315669871408,0.030675250008648795,0.0,0.016243356291135186,0.07252026508074874,0.15507265515358423
0.09357400289053015,0.029040327256372702,0.016350928800513802,0.23159939074899172,-0.010566161993706021,0.19252903625585038,-0.016343828884180105,0.08318078083735925,0.0693555488320032,-0.3031179423009021,0.1480368939994375,-0.006096497726514451,-0.10508554411228947,0.13359625606290468,-0.03954032218747705
0.039564835059908744,-0.07298790178675345,-0.04594950113047993,0.004802388305170857,-0.0985719755347118,-0.15908131805623735,-0.009926750168606117,0.10595465298329697,0.03834784108824389,-0.1259632667954866,-0.11507991314964332,-0.12673292640712308,-0.05560567168461853,0.0,0.002130126381544306
-0.08556717828397163,-0.09406313772280565,0.1492752538132485,-0.03758962193875675,-0.14530973297457367,-0.34093019966620464,0.0,0.022629762505463436,0.6260854871056974,-0.07970704271058626,-0.11606258595855289,0.15814995062011505,-0.15760588124047473,0.09295998188638505,0.1591665027716942
0.05155489280127239,0.022103895396176774,0.0960969317656012,0.11482873608815641,0.022739071397815395,0.414776136501426,0.015325549938946172,-0.007802787396327735,0.14545327589213103,-0.09268742988108537,0.2037172759548856,0.008264260225577188,0.0,-0.00904419347566511,0.06359024551851955
0.03630481931140785,0.02594649140088506,0.038242427091079084,0.1544925500870212,0.041493257104411874,0.2263524023715898,-0.0820410651869912,0.23888643124579598,0.06491726645626271,0.006606219096689177,0.11705970604247933,0.14248951383569364,-0.035098553070905945,-0.059196233942223765,-0.013098920447430329
-0.04311618306909568,0.024412740090387276,-0.07531860429425521,0.08361747455178437,0.08497127129245306,0.05511030054347622,-0.01841580315929617,-0.21826325570579863,0.11257708176607688,0.17507823706918824,0.19783073730253742,0.016525908689637405,0.005938041534939572,-0.14198866413297934,0.04228384160362908
0.02622938759173214,-0.04161888231307232,0.024562203024263315,0.15807527175844474,0.08717990999140962,0.16057206344879235,0.07739182740631963,-0.07876153677304193,-0.30235402601269484,-0.07659157193256239,0.14450292210032376,-0.028459213910428556,-0.00746207554241084,0.30606995931485315,-0.014614174536009661
0.06444119369946848,0.05982353160489664,0.022693294435554245,-0.0850951094855884,0.14291085424012567,0.18396618162930273,0.07306124390828991,-0.1279434176554833,0.05950624280821279,0.005944880595503718,-0.12231961965049418,-0.0872799395238,0.21206686210015274,-0.12466870212942072,0.053132393119520116
-0.004736232532083652,0.10994615812895073,0.026417909797456854,0.11629378318935692,0.11513857923963647,0.22969085112729587,0.09292444310590972,0.11058965401370902,0.05390408515638315,0.020466390358028167,0.1702739166580383,-0.024441163897156264,0.022926867347552393,-0.020614244132186824,0.0038876002118264363
-0.028994594170913657,-0.01485703864786863,0.017391768018849504,-0.06798011922546665,0.04661684491546377,0.13064340544324143,0.06805378916545263,-0.09725681883648878,0.05012603703752707,0.32368913889377354,-0.05161448496732715,-0.0331892772123807,0.1444732360349314,0.01771291463954244,-0.019580483234289403
-0.1112767628345511,0.03354531738405478,0.015318564810256138,0.2716905881921801,-0.03862562764829273,-0.07962792652985914,0.09135083463399511,0.10097724925020686,-0.03992641416940621,0.31270608589490373,0.20146042625939165,-0.012047170466983292,-0.003899750733903726,0.14145801052826962,-0.0412586297455424
-0.25168701247977837,-0.006769538552545168,0.00745834027589702,-0.15148711503797882,0.05381418116080892,-0.24297679417699172,-0.2601270003235345,0.25174138792141376,0.14663041783267175,-0.03402505832191319,-0.2717656178975016,0.15061877061035242,0.09816272053058392,-0.012365333520798005,0.03845790317534015
-0.12471101974080531,0.019060966130672024,-0.016743047722307253,0.19346682314323166,0.051506485061114785,0.059762675793953904,0.037727261322959824,0.06039552561185718,0.09469814734133714,-0.06418002545166228,-0.19901353691370632,-0.11839746184956924,-0.07984354044639558,0.13286091652570575,0.02263551269226048
0.029200006197292037,0.018093872953796872,-0.018148444470598445,0.06886063497009841,-0.12228078876975725,-0.05176846885463658,-0.024674510131591526,0.3657367663213484,0.1569060600856815,0.047829389201050794,0.03097719725527829,0.05185149280780513,0.007785307538263288,0.23039066807393468,-0.013869086439031175
-0.04284478719015433,-0.009507641249519331,0.021529669094975955,0.07440502368993317,-0.053608128345492334,-0.18636453025385563,0.018897248324980995,-0.1407649769324647,0.11491559556772568,0.191707080005547,-0.043842839573968354,0.08971323388239369,0.03022837221951112,0.036288494468732106,0.012234435693820378
-0.018288898844827622,-0.04550231995836804,0.011379921634769244,0.11126250918733771,0.04010119883696134,-0.0666205326229394,-0.03246687888199266,-0.11923217522849487,-0.047446542916514574,0.11789156989884086,-0.0036194696659842046,-0.13159333522688568,-0.2074293155098962,-0.14757158945849214,-0.01705254811328283
0.04281660871011038,0.055747590656859185,0.11176219184659299,-0.03679622117528033,0.04335427406885381,0.13681115925100093,-0.029446354036582474,-0.1501681915602716,-0.01288387925676777,-0.06804556115711685,0.11026281278880708,-0.08089651541095204,0.12448598778141086,0.020710391058587473,0.0448431630026318
0.04513929046071941,-0.08208339122997199,-0.028637614556060027,-0.013281199822435034,0.20522830560956576,0.30066583651907114,0.030596220391766776,-0.07491701406198237,-0.10817565709558159,-0.08096850647892453,0.09423557454180344,0.022019264212992627,0.074745788878378,0.17420658305058073,0.03614399344761321
0.03383359839149366,0.039024828228103346,0.00593441867129031,0.06256991461437525,0.09445770525486312,0.24669234594844866,-0.0023370220947781426,-0.35720477743591167,-0.20314043620523523,-0.042762166904295365,0.025055676164710154,-0.04933664617126744,-0.06359102724592369,-0.009662740772558768,0.05034891920982015
0.022543541459351855,0.018198879326786876,0.02233948121289704,0.13201858523281912,-0.02339884026760495,0.3537778267328008,0.01778615321561369,-0.17573501581987533,-0.024561368293883366,-0.0938218398801186,0.14510371092369895,0.17897254138528415,0.07481339106748208,-0.03144781208264875,0.2310486552471257
0.004934836118456332,0.033580199757892955,0.02327839790106831,0.04996746877614588,0.06325673038972515,0.1471540942383019,0.03958876326881209,0.13929709277334212,-0.02047371233950196,0.08957461552845064,0.005323865116009603,-0.007735557973616687,0.008420448225353011,0.07010765530770836,-0.01652351513955741
-0.024258054049318908,-0.03942722169469977,-0.007931949500187966,0.10383716410064278,0.2241506728044175,0.16673319281843985,0.017845455462703722,0.06978691427713084,-0.3352250857765071,0.06551831356196744,0.018750698533534543,0.07965996659020598,-0.011668656973797344,-0.20062086031316176,0.02729771864667979
0.0716435288741896,-0.02002787564789386,0.008790453917085746,0.06184685184565025,0.1511163354386004,0.1467117885927455,0.03505194518395137,-0.16577243863371657,-0.04117139653065074,-0.16205529290922666,-0.0370800588543115,-0.15069111638726063,0.09247793918364154,0.12889909497524168,0.009585390085755388
0.1594456933333553,-0.025281958974432618,0.005590100675977158,0.23126683243731697,0.02993339326253117,0.36778634816609646,0.009901246961883003,-0.049057617219122225,0.084174302898229,-0.16859080332415707,0.0,-0.08501165653906936,-0.051754638627974754,-0.1643091776599042,0.006578269976593165
-0.2825383724883879,0.08892325396995816,0.08344273272991823,-0.18549291502357088,-0.12987437872940827,-0.2987800625728788,-0.04086706446961625,0.10568770749226898,0.6069428626004265,0.22000615210236155,0.033632091748868005,0.3145370001832736,-0.1485616568313326,0.17757893368071775,-0.038798309769752404
0.02828752278754559,0.021404880029326022,0.03068856451699943,0.03975655610629518,0.05550448118078293,0.1682851867500711,-0.037661238671267916,-0.44432601489083173,-0.07055898206772161,-0.03132636974685952,0.04170243653447611,0.20638807612085472,0.08066091943581574,-0.12264103124278398,0.06316343160586534
0.03863049850894663,0.02774669882502282,0.06084950971116253,-0.03921184384993413,-0.0467484740095112,0.13858943772612173,-0.0587985421472892,-0.13922760598186307,-0.04536156928120211,0.08907853483717744,0.008784661870363437,0.07990925880833409,0.2879722930044489,0.02167242021475328,0.03929901653859719
-0.19345959558941006,-0.0060578550022812195,0.015072396698161832,0.346827378498942,0.07259618419273516,0.05883242252246075,0.049109781166259955,-0.1740122187965497,-0.27963939136685106,-0.010796329340138893,-0.06524322532991747,0.00694788495810632,0.0488077188607009,0.05242050838762759,0.08622254026882843
0.024749383537547572,0.03805230856519282,-0.031147346342299632,0.14870179309266057,0.057420074678354104,0.1710609076969379,0.03650701099255873,0.4442577261834697,-0.16877324433521831,-0.03897192934479552,0.0707731820856677,0.09264198703100371,0.026881473871796204,-0.005437893217822965,0.085739368569413
0.050747157443957226,0.04190190984982229,-0.10020080664752537,-0.010900449059985341,-0.10776652786209515,0.059672853396227944,0.026140745393159585,0.025866819992766223,-0.2583468622157477,0.1734179679593273,0.030606867314358004,0.08617859300002362,0.20086583400424024,-0.15064804563620388,0.07142936863351382
-0.0831521974608678,0.0,0.009047479582003444,0.11292402749549409,-0.013293117619027203,0.01797989307990324,0.05934582219602238,0.06401192683238273,0.0840017131530571,0.09457322172159784,0.15992180334923145,0.09874495052152255,-0.03452988814635506,0.18450062461835454,-0.022941429727634244
0.02349064956548829,0.01107306984634231,0.035362357943549236,0.002720111248132529,0.07814288800639455,0.03964407800877371,0.06986647553048594,-0.2455754611666711,-0.05975867730813592,0.1251609003073193,0.037623079364834416,-0.016050499557478625,0.006267289022122153,0.16380677781425548,0.08358299668163743
0.029048648555816667,0.008563063903019308,0.03225996564237696,0.14199071054341592,0.08036277415959507,0.16282347602442782,0.06728245673233993,0.21994383270045784,-0.16877241429919765,-0.01867794699564871,0.021704483001017995,0.08209395256208579,0.0035899832155366837,0.07200943119434243,0.07233392478302159
-0.09152168252476967,-0.04420071224316666,0.0289435355921492,0.28283699603424045,0.1897297807047577,0.17769919685537738,-0.009214903152150946,0.2926841139774656,-0.02972420782245392,-0.10660681853639961,-0.10971280720193623,-0.08547760469615927,0.14301263219017468,0.10955029847517331,-0.0023425217289498868
-0.011681269276960064,-0.006574073595583082,0.010102143439209316,-0.015748978352815017,-0.013358830721039721,-0.04150418076879306,-0.03856411838185474,0.11734654117175307,-0.19671552343234527,0.2767057184338965,-0.005154286256516757,0.11555018986680411,-0.08374900417479965,0.11184175137962546,-0.10844506066037976
-0.09731485642030216,-0.011176589062057554,0.017108593123164872,0.15458468226623187,0.1566417937180626,0.22843959419021262,0.12554876880710097,0.10761948884677733,-0.1338904778481903,0.05159518389853199,0.037456041721149684,0.15989093673207994,0.057288991310778026,-0.013259470359430767,0.04038689245743399
0.01711550254621062,0.07664998438622528,0.03783623230217833,0.12348400898460489,0.2824648488439631,0.1297237493858982,0.05086998954453311,0.36584537137101214,-0.1474401688183203,0.05050841960107198,0.05778987360100344,0.011849452392261236,0.14749494749111722,-0.10209552841325294,0.017224899173352126
0.10633561900085158,0.13832416668532546,0.04198486576936015,-0.11696162567677439,0.19653227576845267,0.08898898385129085,0.04924731225601103,0.07564194576896346,0.2918296349322547,0.012086330296123746,0.07756727465420261,-0.01881025952067902,0.06507031952879148,-0.14393869076670887,-0.04665767824886902
0.02777514956643181,-0.06315469179781463,-0.0056035595626771455,0.11024641781827722,0.22140086560547187,-0.1304812583407807,-0.06364930575316986,0.04930112853046351,-0.05042242841308981,0.05491922965969058,-0.034285334878716524,-0.15966862070014587,0.020003852873556247,0.11067724192561812,-0.03622252806379547
-0.03948189160924559,0.03513518095241071,0.006725253354139616,0.09262748684919095,0.08292766194408654,0.16028032019103108,0.13371702734807633,-0.09742309129966807,0.05374014440021309,0.26586548805156485,0.21117831934911072,0.1668277946423312,-0.035950974534044555,-0.0237038984681401,0.017830906156409254
-0.057257154336147434,0.0,-0.01366567618177939,0.09393031509650128,-0.023039384181880018,0.05428234555918876,0.0,0.5049126333688496,-0.01655403782040242,0.14704080292902177,0.02797526791246192,0.04829874609713724,-0.08573408971341928,0.08228733507000024,-0.13121033336217258
0.020674679904720588,0.010925489091598468,-0.007123145041313534,0.1799583685076938,0.1859204034622654,0.05797417339740083,-0.028905657163380654,-0.17480634547112658,-0.02807426050407477,-0.04244436205101255,0.04906455375997801,-0.058744767133539766,-0.007317921710918277,-0.01063951902949218,0.023052844529126204
0.016846073556494662,-0.08310059271977369,0.03782086691355005,0.17357132693565713,0.25436301022670704,0.04714902027889659,0.08531993028157385,0.008696640654384856,-0.06588284043776706,-0.05125127379104919,0.033375191744689524,-0.11215229642918521,0.03541216225367369,0.03955036601166801,-0.08823285277714571
0.0030787505812023626,-0.063423675937267,0.01606140121853746,0.11150427815667387,0.19524972601859564,-0.06052161628817052,0.0655715535229422,-0.03746114798068578,-0.22847617686428956,0.011468514886344965,0.053789639793477444,0.19936205639740112,0.09147486807602806,0.06281358183722496,0.06355428623778941
0.19011559082430834,-0.04260453923134424,0.08590330203686126,0.15277844811846558,0.04807953121455631,0.42136029549627685,-0.009575982189283148,0.18925112790241475,0.19889107244934326,-0.2001383298747244,0.0993068930089681,-0.07516191012863224,-0.059020459503145044,-0.24830799615418575,0.033582187004436825
0.0238535090065826,-0.028792978432750083,0.016560909421614742,0.1378355521867988,0.09240622530422914,0.3235281967041395,0.06686920832812994,-0.0912089698447957,-0.12793027106178342,-0.03885316680733958,-0.05049592363401549,-0.06766774122358861,0.0,0.21140603450200599,0.01277887246960796
-0.025802703027426193,0.028109647573620083,0.037954762087353565,0.15305667291948877,0.21685394419127704,-0.06046746836870343,0.015842719495173782,-0.17047941704892125,0.1050474274888133,0.03855929287772218,0.08079948341059066,0.19152166316883174,0.013990238997775562,0.020319402151674187,-0.0334928978602812
0.08129926308054586,0.01437094414457702,0.043103835959193856,0.06999702917354869,0.21946668815953702,0.32711022510018434,0.005835200936116085,0.16737642039587983,-0.15596335258231067,-0.026805469117600476,0.11527837221366083,0.23368266862856168,-0.039016342597828026,-0.3464716895971101,0.06745702565081646
0.04007780758870543,-0.045270537692533516,0.0164681826505241,0.06855810484276767,0.1800625909659769,0.1587623293733459,0.04026467426681893,0.2972469900310741,-0.0875029849704949,0.07943901367768309,0.09252050941805931,-0.009277137818021452,0.07224546746180738,0.07882506892236452,0.05623710738776977
-0.01239621911448389,0.01922655698953035,-0.0023237126189339786,0.25410185240440986,0.16074082893244887,0.10074609502196957,0.05986517715040317,0.4570286676323814,-0.2561381251286111,-0.09381957211422617,-0.04486695535024583,-0.048438633565195476,-0.06823317332741827,0.1340634272781751,-0.004390186569768861
0.09697557216260441,-0.02446179032233298,0.05369455493911618,0.005142647930250216,-0.05854783583986139,0.3127466502697764,0.0,0.14258153228790052,0.15262749141314222,-0.09493710353792659,0.11701181471119722,-0.1424536508953134,-0.01141035132166702,0.0422392000283805,-0.07516763410976934
0.03536206510587844,0.05306051316355907,0.09559590753654343,0.09996610280041492,-0.15425099133946935,0.2613067191904308,0.02606902389823164,0.0504228903505148,0.007172148002930629,-0.09496765517738312,0.06307855354577985,-0.019027160019066472,0.04640106456874227,0.18151572661728335,0.07792526169858482
0.01650945936831887,0.011591125041063835,0.009297144756145775,0.11050394990483768,-0.12458646643973446,0.08039021644978797,0.03836614824824529,0.16495691768269843,-0.03073911187204543,0.25898622171378893,0.13256268495199044,0.08387683194880045,0.08744025939594655,0.09502728261186463,0.04465637373116227
0.011230490454728495,0.04813692651657967,0.03189762578084632,0.09179108038145373,0.09414358467789029,0.1662486250233923,0.08145254543928196,-0.1630320715749382,0.05396673637554543,0.10449477304852826,0.1313675912468563,0.0390449030338832,0.06273483823204391,-0.12511396725902382,0.03034870339821305
0.014111137012747924,0.010235622162876643,-0.038974439479642915,-0.009529564305681052,0.26401736999475983,0.19380453609529033,0.038595965580636465,0.3180801206967117,-0.18333393067690743,-0.14725602843391405,0.02304596420644889,0.2343420759400162,0.027276304283293678,0.06608317530409294,0.06921355568837506
0.03752560746131826,0.01962725653764358,0.014837176719892977,0.16897323302736028,-0.07077752073320102,0.23471306454158736,-0.08855682147660066,0.38431878085707916,-0.05722580601379113,-0.024746336486215523,0.03571885910660301,0.0549469550529829,-0.0185510175295319,-0.04917669532401068,0.007473625203750611
-0.09605665397246727,0.038853159432276234,0.003326933057608982,0.1070383415323689,-0.05418601482630685,-0.08913810594410347,0.026102357312295193,0.16003101760461733,0.019420656614127944,0.4158098016845864,0.28869701911202994,0.07736254970494785,-0.048095363197036806,0.18665143522948316,-0.09184788592876592
0.04150720343394188,0.008932388968133996,-0.09518170234713022,0.22565541455406904,-0.06311651984779429,0.16893785922922172,-0.036097209696055,0.500828894106649,-0.13503766257381195,-0.13541748323774275,0.05705126160698825,0.19431958315133918,-0.048570022178274094,-0.01144797152573676,0.03944446672062463
0.029895297886754265,0.022366674774908855,0.0,0.10616879698638809,0.15765053726157172,0.1411902540361437,-0.003956293502935067,0.4976855430488343,-0.03869165323542761,0.14037398255693703,0.14715552672443766,0.08545792300200133,-0.018526550570073286,-0.2611794509866436,0.04621073359810879
-0.06446648733802174,0.017932985104434775,0.016056927553327313,-0.07448342341753983,0.15115841293022614,0.3054557653401341,0.0805045822465818,0.4876221827397184,-0.1562326030062203,0.20316760341961337,0.0,0.012828241864831716,-0.005424252732695245,0.08473470285821456,-0.06465572152969479
0.029438085280034016,0.0761491285826102,-0.09903775248302848,0.18689369803429998,0.17283425769142874,0.26057729992352935,-0.007434020578269014,0.2561561297563916,0.034150291423341465,-0.18068271417525247,0.08085457136136041,0.00824171692627897,-0.03579606679113557,-0.026224277943337575,-0.14355828896179157
-0.07447141520516458,0.0,0.018225461321444227,0.09102648931996155,0.0967179258528213,-0.06028306105851807,0.017102730095108983,0.10923653646307056,0.04448815284106962,0.2615349519103051,0.27385046321402906,0.20582137609285397,-0.007742125707627897,0.07154022961618099,-0.03542802998483152
0.0015280239685558018,-0.14756232053154678,0.004958713660300972,0.14976514905397717,0.15613521555458812,0.16096543254205795,0.021183247524903383,0.36555998322908906,-0.16385155623229145,-0.09366418147992824,0.03993519015388837,0.0,0.20060958662237216,0.1997399519343527,0.05775985760369717
0.016254867754130386,0.03846792458755608,0.010416909579152048,0.13145971943303353,0.24373261395816714,0.06662426689330252,0.04327383721328691,0.4107878289016405,-0.06672314402514169,-0.027149940357242244,0.059259703783034995,0.0642008572918938,0.04173087372566533,0.020260261375074425,0.043287025441146154
0.00969523727840194,0.0237821154396244,0.05634712573784021,0.24867957515668213,0.10600530243915461,0.14271801063539571,-0.0027612306959984684,0.457642567113828,-0.008980218397064968,-0.16454048120477058,0.07016069887196437,0.06839003224192237,-0.14583856720461424,-0.02441209922835274,-0.0020796016750281865
0.019964025342727766,0.0729738199402368,-0.016806153767596917,0.06819158538667856,0.0407561572697307,0.22359044720346166,0.010192878952093249,0.40426567320908463,-0.07239443962891748,-0.013097429473742699,0.08793529079104198,0.13026215164773605,-0.03184759478512612,0.009838360092435229,0.06273520304190972
0.00432740620404659,0.03989199036371967,-0.05512030308780149,0.18743881851547436,0.07416996006264412,0.10321521761777265,-0.026711739853657407,0.2731210874704467,0.2131566520419869,-0.03997605049731628,0.08209548462669297,0.12514631523594416,0.02323150016262349,-0.21258163559032145,0.15012158817264254
0.015888968874090734,-0.014757978156841255,0.010173975073528489,0.13259213229584854,0.36166323943973444,0.09241047153043465,0.06674016833771862,0.3780305166032071,-0.10071847083163625,0.058745162556787196,0.07722977082147231,-0.007534206812202345,-0.022076445926840833,-0.1461207448872166,0.05269688443568743
-0.048099048295765154,-0.050212595882254574,-0.00248342028469564,0.23556186727063105,0.22949229812806077,0.16886234154591612,-0.010598026868299767,0.33089914766713135,-0.05971023446063261,-0.12362070196390963,0.1075928670311924,-0.05294154360152375,-0.029782932407666007,0.06614579942488498,-0.16756926384569026
0.01149146963718424,0.06674246007176855,-0.08688910409168889,0.14343501749243961,0.18535310424081552,0.24649723592330042,0.037821310461056364,0.5704800061204786,-0.1612481289489652,-0.079256857008215,0.052864558214413354,0.07921510816485358,-0.0105763101833053,-0.05251217264430411,0.072482258851023
0.03530028260144065,0.020393693254561543,0.033455193960353874,-0.13229200687971818,0.2127485661008608,0.13530632984048635,0.04689639502685656,0.21217799648545255,-0.031149656836709724,0.06231036066633416,-0.11760191971188365,-0.09160815084474061,0.10602088682088952,-0.0531115681817369,-0.006211156904759874
-0.016346565975787535,0.020545433601343317,-0.044557800372404754,0.015778264212793564,0.1946726419967178,0.004512248385030938,0.07686818680793343,-0.03131210560823266,-0.3426877293578272,0.0782878115618389,0.10472908143831355,0.3156852167195282,-0.019294591955794475,0.2379384320720957,-0.10533546738262256
0.039918567890773415,-0.044157849351602184,0.0023288780043007767,-0.029969799212596408,0.13648447534317637,0.14010639189081722,0.03703055558508562,0.1453159574619666,-0.07955532260748209,0.05140313218929953,0.05488577287279239,-0.03398275526919123,0.03685719669366135,0.1456658485005183,0.007850219728677055
-0.06376228281445931,-0.1923261476390661,0.0038274324801451215,0.07355156907254864,0.1716792532834969,0.13054839856146958,0.05023582923687342,0.1053444671033731,-0.03289248355715154,0.05836144590396157,0.13002225951056942,-0.009673577938272816,0.06882916985372674,0.2010774178283406,-0.049295747999617556
-0.0030720075116371427,0.0010619140895673776,0.0907204059940173,0.06603099260875706,0.04751492782059924,0.26447415030047516,0.04692348208559247,0.12901920101343523,-0.03152625820297151,0.0023694800527457437,0.144803879333965,0.058075738338662045,0.0,0.0800299917128151,0.06488102964261477
0.018090541802170797,0.015738973083593014,0.01349103020519177,0.017264014303408185,0.12686832925795052,0.16932457019919633,0.010983620058330368,0.11387451567415312,0.06795105092051834,-0.12564614742871136,0.11571296102137592,0.0861546722714605,0.13048068513756914,0.12815959826712633,0.10939043770672097
-0.058459721777187335,-0.16845013214830035,0.008806737652069652,0.16143463208509487,0.16848776666802434,-0.005358812575969477,0.04002328923952264,0.05350360372078676,-0.2744282608884492,-0.04527379751891736,0.12565792192538175,-0.0156461889518623,-0.02414568147935167,0.16450129313050885,-0.13802130540371124
0.019642724549628166,0.06382083899405032,0.031764027619663196,0.03460924295963723,0.14236505857060158,0.20499792439098782,-0.060212554132667497,0.16191600463347483,0.0011840114220021526,0.10702499159806252,0.13624310456718006,0.04899058772042013,0.0853497381057473,0.004760082155707545,-0.004686291407473675
0.041055062536821056,0.08234886656974374,0.1355575545213971,0.019254864805911303,0.08293941153163038,0.2644149723723203,0.05161585723277615,0.0921498690286529,0.019743708220996116,-0.1314842700669369,0.15034353456590457,-0.029120453263908483,0.08131181641333243,0.04973967557399708,0.09126046617765049
-0.07825655856257312,-0.04250575112610368,-0.04527534930523291,0.07999287147593735,0.15937545203716455,-0.00983202748520619,0.12875421208521406,-0.055106498092813275,0.04344160423946463,0.2109782595255964,0.1725421458160251,0.051293008406611974,-0.001055315264182303,0.16459128047244556,0.029324654015152052
0.014703571175279385,0.004657946231182803,0.027623302160014906,0.11892210645409029,0.006733302870130056,0.07478127298975268,0.009409666809771535,0.28478020413408284,-0.014499687700038193,0.03377460238889493,0.13894166497150578,0.12106224273740372,-0.010418677959130328,0.00657979221692355,0.027573922814337792
0.05920484623123085,0.02085505866624356,-0.04996801194601888,-0.022189254969118666,0.29736952864248456,0.21616666522639663,-0.02215114538542952,0.48405822652876646,-0.030027598687697107,-0.2397123996251776,0.023758570246974985,-0.03958508046417958,-0.023696197765325045,0.06503735806682188,-0.06438198112670834
-0.13469633519890573,0.10467545478137072,-0.026120170133176912,-0.16328076824435908,0.049128916290391934,0.12228313840358362,-0.07314510302623858,0.47021647937656075,-0.10736919043105424,0.23381901442145264,-0.04551389610377376,0.19460922522209972,-0.014060201372335247,0.06261050954005926,-0.10006598610986073
0.0897136994424478,0.08441153758424204,0.09956057121810578,-0.17161740946847034,-0.10026445322143542,0.12843505423052878,0.04865129308487512,-0.05247139772242794,0.22451593122862154,-0.14048473578609794,0.005745959311799255,-0.1551537082352474,0.23860026418584332,0.18832443638817256,0.05934467868163218
-0.007030633646752246,0.022175557815300773,0.009395181408742811,0.3667820338409762,0.10387986000940568,0.06808618420352516,0.10756631905766693,0.2327864341023438,-0.025670083460415712,-0.11852432949739455,0.052617673139804214,-0.15317835333024155,-0.02369681650252705,0.04500515384390297,0.016540125902454683
0.003514191021859931,-0.047954616361297525,0.012006828007598298,0.1081385972907939,0.1343013685057388,0.23803660192958098,0.024383280574168144,0.3263631580643157,-0.018519878915312368,-0.03940246287900873,0.11961989865010267,-0.007320531012127084,0.03837281557983452,0.12972662989639056,0.03387103635928845
-0.039468857674720643,0.01131019048755353,0.012519014486928038,0.2158221938071564,0.2133707079004564,0.15762066234999222,0.02697939278706767,0.3350670027908826,-0.10435097324914093,-0.11249026058500049,0.1181747315458012,0.029353002062024243,0.007658455043330878,0.045810073682739025,0.0867706421365364
0.033447928037151145,0.006615451812575225,0.024398691428334302,-0.0036617356823348884,-0.05529678777404736,0.09226205845918552,0.012868804246511479,0.34434511484139707,0.03150528435672969,0.0287011402704982,0.0698514734777365,0.11580102111330698,0.05737708187665034,0.10518607173258478,0.04799692950044965
-0.03499133452487793,0.01929278473643827,0.0008133797242883993,-0.07753576985376223,0.12965764685741218,0.09257755430337597,-0.011035602510940025,0.5429231732839409,0.16957185500722066,0.2412103076804239,0.07706557635701523,0.0962811358892115,0.0,-0.12016238077658606,-0.01320235081407839
0.023992906151067972,0.020354234425565672,0.022643738266617905,-0.006493588894731724,0.06203938959909239,0.15497987382455986,0.018976793053841035,0.20122650825349925,0.08364173116187651,0.03698350448566552,0.12080301136837983,0.08767238809371523,0.04503350523650835,0.06474302438849837,0.02929588923350024
0.011645183102379521,-0.011593662645728715,-0.006978263997459649,0.006329001657147334,0.24681025399784148,0.16157988076117435,0.056309101625232186,0.3439207686085029,-0.018619273744746912,0.07199339919339884,0.06970126140678402,0.06216594351761618,0.03003177621653174,0.008819062902215251,0.033394645976272175
0.03381345456390241,0.020954253465163632,0.018822303418773684,0.06877185853961386,0.12933600292970882,0.21866551228347741,0.028086025936563095,0.1210692959351174,0.022341844926981592,0.05792904998780491,0.12480646147101805,0.13536028975716488,0.02456235902658528,-0.11337394583330054,0.15634308623932625
0.04068815904657168,0.006711613375487396,0.0039249664300244355,0.08082995830998727,0.18636661970987112,0.11501551776708578,0.01853951598293488,0.07754989253710973,0.0059471394215987634,0.01596060407235075,0.22019289064248052,0.09384944785984178,-0.031316590931837945,0.06793543639490365,0.05621342120337991
0.00556506694928928,0.01380665581875402,0.029570748549136446,0.16932063524690644,0.21270914432642596,0.23840503016610104,0.07274651468191141,0.20516719103620332,0.01562640403205703,0.06930770940663322,0.12385140838330533,-0.04096099789136247,0.027107195145332837,-0.069881602241746,0.0409790063097657
-0.002438429114985836,0.05231094247575264,0.009575009613359825,0.2708726947299171,0.08950258142688343,0.3112902784663417,0.035180552451266514,0.0832446864451592,0.02366452837511646,0.007084065895159101,0.15630429453128106,-0.041729676628594094,-0.004359535814838327,0.03141634967051399,0.05672974553053578
0.052941999012360574,0.07243769918495364,0.06822649104807245,0.02253345230521969,0.09148785959037808,0.21339032579316128,-0.08631779790788616,-0.0953783409058394,0.06280258003375615,0.028845920897582356,0.1357752823135714,0.11794707613307158,0.06524465512103098,-0.21109001219626736,0.01886434891983435
0.02136902886679917,0.01985558077727419,0.010776920527990501,0.023139516666883745,0.1660751826797977,0.30731870048823773,0.07069137966453448,0.145443962699842,0.023251630118441443,0.13400595171442944,0.09603566461870953,0.005075432421705299,-0.05544089090175665,-0.14443385934795971,0.08590640769545199
0.01884328078062346,0.023511733378031762,-0.16013523630985302,0.15030244501933504,0.005792210891193759,0.10124076505087704,0.03205549845699913,0.4646566337746366,-0.03797948633208782,-0.004633242440870157,0.056194492106856654,0.14253667336961048,-0.028079309622950112,0.023695457746730517,-0.011488520485179343
0.0143865819317438,0.05211043946398838,0.06272416849389723,-0.0913736974338022,0.0784513671726756,0.15680445817258223,0.03119973329925681,0.3282902427935367,-0.1776877076379122,0.07280069911095803,-0.05856168101116433,-0.034705506030534,0.21311232271771108,0.1209010108549317,-0.10758504119073353
0.02354404559018532,0.018312080631647347,0.021485016360727163,0.26223374653558007,0.14670862443680516,0.09702934539125768,0.08103658754305998,0.203778470976552,0.02630955451943175,0.2562472576177126,0.10444898395799002,-0.037426736994689874,-0.05374796192267191,-0.13856835498853315,0.04230167888609593
0.03259703864502699,0.04325009030477906,0.031221803981825984,-0.0028453961406851936,0.14914775160554988,0.18998916270422778,-0.0033804402941690925,0.23249998986473544,0.10911984088961921,0.08376457032524108,0.177576101576261,0.06535949339990875,0.052334662497027805,-0.09371924974889878,0.020938248200109477
0.020479403810127538,0.002628268417653822,0.006060784969799699,0.014071773387614733,0.35641078467495024,0.22604063462359533,0.04327592862714767,0.042076333824644735,-0.07520019476928533,0.01657322246061293,0.0770616782811819,0.15221142970728618,0.05951520388873192,-0.4009991663401122,0.0700812208193029
0.011288965512403791,0.015011339723296342,0.03067819086794765,0.10475881314665139,0.06406535265313494,0.19064944443222143,0.054589534388287314,0.13976380217898138,0.06704545599302031,0.17886525999904004,0.1768026446767144,-0.005158952409463781,0.0409016381901036,0.045082160689875035,0.02507435359140464
-0.06705503406812488,-0.07443508546300302,0.01395531004816974,0.07858876377020652,0.09840068111979275,0.1568142596529513,0.044637610080217424,0.31919709272853236,-0.12709988629721042,0.23039894368327865,0.09001936054262855,0.0,-0.011210934856122139,0.07126509480251615,-0.08631436288703964
0.04148521907566927,0.03668722140414141,0.05202707238124918,-0.06088678716867913,0.004551841390239343,0.12207700892848869,-0.07517515249209969,0.30902505426028976,0.25087355758736296,-0.08735629366432478,0.15542403199015503,-0.06368630569687889,0.08812290457546373,0.06945737925860233,0.017278369571273156
-0.18021116879988575,0.09518894121617992,0.07157267361887691,0.09115740796911444,0.0748199819566406,-0.1848509140519231,0.02141589762970364,0.20233548498717413,0.0027339914002921565,0.23224643702716935,0.24587808306245265,0.275911059932513,0.005734392764069415,0.1070626087707949,0.007040126730280205
-0.027031973957764594,0.045560580750099645,0.0358630717605516,0.08588338628777507,-0.002282218819509444,0.19002577840602983,0.033576054179198074,0.2639578180157394,0.03339281777850507,0.2919544467149582,0.10265438677998769,0.035411581580037606,0.1031502991961284,-0.1053970968235839,0.014728886505619654
0.02113956445368856,0.01383241507426999,0.021766454186609073,0.0016549399900150968,0.16718470433268137,0.12430811509920868,0.0453334707528968,0.2530961437843959,0.03576925338876442,0.18458392743009705,0.1257285986611991,0.0422437636422411,0.11346302815275407,-0.00985606392795559,0.045681577116781336
-0.07877400607383851,-0.07360317995177183,-0.0167889426121709,0.12161262021232006,0.16970841042294313,0.06265620456802633,-0.01396433236645102,0.33449986539579807,-0.10510705235777491,0.009702765433816945,0.03121717365601396,0.035124939641915785,0.17921977835943326,0.06666755353722048,0.04862020727112837
0.06998969441188203,-0.0054741938449588716,0.07030484708484681,0.16312433965403006,0.19598714077956503,0.2352229997741708,0.05182834847564023,-0.11199129150721249,-0.07022493378264308,0.005477999306936199,0.14780105975166663,-0.07507739509853056,-0.0022622176098647095,0.012462671969614947,0.02512145376157826
0.039906886297690715,0.033523794738347976,0.00426671108479831,-0.06216934001761494,0.08279636140996659,0.214237140105134,-0.026426798956663437,0.5293739490352486,0.03820462760565071,-0.17988810236408392,0.025506313032098268,0.03359345206370629,0.020861265473496527,0.15182148173676369,0.023100213713541873
0.024751509352447063,0.0433446177219721,0.02114652842371215,-0.13013663949945,0.24757109925465384,0.1753219558136566,0.017145728231162928,0.29908024757614615,0.026048573842464326,0.058935459067865556,0.09628614285920377,0.03829045024035493,0.06625785254032145,-0.06716005323053298,-0.01230216613878965
